[
    {
        "type": "text",
        "text": "FAULT DIAGNOSIS IN NEW WIND TURBINES USING KNOWLEDGE FROM EXISTING TURBINES BY GENERATIVE DOMAIN ADAPTATION ",
        "text_level": 1,
        "page_idx": 0
    },
    {
        "type": "text",
        "text": "Stefan Jonas\\*1, 2, Angela Meyer1,3   \n1School of Engineering and Computer Science, Bern University of Applied Sciences, Biel, Switzerland 2Faculty of Informatics, Università della Svizzera italiana, Lugano, Switzerland   \n3Department of Geoscience and Remote Sensing, Delft University of Technology, Delft, The Netherlands ",
        "page_idx": 0
    },
    {
        "type": "text",
        "text": "ABSTRACT ",
        "text_level": 1,
        "page_idx": 0
    },
    {
        "type": "text",
        "text": "Intelligent condition monitoring of wind turbines is essential for reducing downtimes. Machine learning models trained on wind turbine operation data are commonly used to detect anomalies and, eventually, operation faults. However, data-driven normal behavior models (NBMs) require a substantial amount of training data, as NBMs trained with scarce data may result in unreliable fault diagnosis. To overcome this limitation, we present a novel generative deep learning approach to make SCADA samples from one wind turbine lacking training data resemble SCADA data from wind turbines with representative training data. Through CycleGAN-based domain mapping, our method enables the application of an NBM trained on an existing wind turbine to one with severely limited data. We demonstrate our approach on field data mapping SCADA samples across 7 substantially different WTs. Our findings show significantly improved fault diagnosis in wind turbines with scarce data. Our method achieves the most similar anomaly scores to an NBM trained with abundant data, outperforming NBMs trained on scarce training data with improvements of $+10.3\\%$ in F1-score when 1 month of training data is available and $+16.8\\%$ when 2 weeks are available. The domain mapping approach outperforms conventional fine-tuning at all considered degrees of data scarcity, ranging from 1 to 8 weeks of training data. The proposed technique enables earlier and more reliable fault diagnosis in newly installed wind farms, demonstrating a novel and promising research direction to improve anomaly detection when faced with training data scarcity. ",
        "page_idx": 0
    },
    {
        "type": "image",
        "img_path": "images/027a139688a1289e4cf79cafe6185a40cf65ff63d257642d1fcc4218c4186cd9.jpg",
        "img_caption": [],
        "img_footnote": [],
        "page_idx": 0
    },
    {
        "type": "text",
        "text": "Keywords wind turbine $\\mathbf{\\nabla}\\cdot\\mathbf{\\varepsilon}$ condition monitoring $\\mathbf{\\nabla}\\cdot\\mathbf{\\varepsilon}$ fault diagnosis $\\mathbf{\\nabla}\\cdot\\mathbf{\\varepsilon}$ deep learning $\\mathbf{\\nabla}\\cdot\\mathbf{\\varepsilon}$ transfer learning $\\mathbf{\\nabla}\\cdot\\mathbf{\\varepsilon}$ generative domain adaptation $\\mathbf{\\nabla}\\cdot\\mathbf{\\varepsilon}$ domain mapping ",
        "page_idx": 1
    },
    {
        "type": "text",
        "text": "1 Introduction ",
        "text_level": 1,
        "page_idx": 1
    },
    {
        "type": "text",
        "text": "Wind energy plays an essential role in the global shift towards renewable energy. With the increasing role of wind energy, improving the reliability of wind turbines (WTs) is of crucial importance [1]. The resulting supervisory control and data acquisition (SCADA) data has facilitated the application of deep learning methods for data-driven condition monitoring tasks in WTs [2], [3]. Classification models for WT fault diagnosis represent a major share of these models [4]. However, these supervised classification methods require thoroughly labeled WT maintenance records and a fault database containing SCADA data for a wide variety of fault types, which is often unavailable in practice. Normal behavior models (NBMs) [2], [5] can overcome this limitation. NBMs are based on anomaly detection and model the fault-free operation behavior of WT components. As opposed to classification models, NBMs only require a training dataset comprising historical, fault-free operation measurements. Deviations from the expected value obtained from the NBM at test time, i.e., when the trained model is used in an operational context, can be viewed as an anomaly score, with continuous deviations indicating possible incipient faults. ",
        "page_idx": 1
    },
    {
        "type": "text",
        "text": "A major limitation of NBMs is that they require a large training set that is representative of the various WT operation and environmental conditions. Training NBMs with scarce or non-representative data (for instance, only records at low wind speeds) may lead to unreliable fault diagnosis models [6], [7]. Large training sets are sometimes unavailable as scarcity of representative training data can occur, for instance, in newly installed WTs, after maintenance, part replacements, or as a result of aging, rendering previously collected data unrepresentative of the future WT operational states. Data scarcity is further exacerbated by the lack of data sharing in the wind industry, which is inhibiting research and development [8]. A scarcity in training data poses a serious challenge for WT fault diagnosis tasks. ",
        "page_idx": 1
    },
    {
        "type": "text",
        "text": "Transfer learning and, in particular, domain adaptation, aims to overcome the limitations caused by data scarcity by transferring knowledge and adapting models from data of a different but related domain [9], [10]. In our fault diagnosis context, domains are typically represented by a WT and its associated data, knowledge, and NBMs. The goal is to use a source domain where data is abundantly available, represented by a WT with abundant data, to improve a task on a target domain, represented by a WT with scarce training data. Domain adaptation has shown success in numerous WT-related fault classification tasks for classifying unlabeled data (e.g., [11]–[13]). However, domain adaptation for unsupervised anomaly detection has hardly been investigated [14]. This is likely a result of multiple challenges faced in applying domain adaptation to unsupervised anomaly detection. First, it usually involves time series data as opposed to the emphasis on image data. Further, by definition, only normal data is available for training anomaly detection models, excluding supervision-based methods. Moreover, unlike the typical setting with abundant but unlabeled target domain data, we are faced with data scarcity in the target domain (i.e., the target wind turbine). Available studies using transfer learning or domain adaptation for improving unsupervised anomaly detection through NBMs are limited to fine-tuning [15] or simple corrections of the NBM [16]. ",
        "page_idx": 1
    },
    {
        "type": "text",
        "text": "Performing fault diagnosis for a WT with data scarcity by simply employing an NBM trained on another WT with abundant data is generally not feasible. Since the WTs vary in, for instance, power generation and drive train characteristics, the NBM trained on another WT will predict an incorrect expected state due to the different characteristics learned from its training set. However, if an NBM were employed from a WT exhibiting a minimal domain shift [17], i.e., if the 2 WT’s test data distributions would match, it could be used for fault diagnosis for the WT with scarce training data. This would be the case if the two WTs shared the same specifications, operational behavior, and weather conditions. To this end, our work demonstrates how to make the WTs resemble each other by transforming their SCADA data into one another. We employ domain mapping [10] to map SCADA samples from one WT to resemble the corresponding SCADA data of another WT. Through this mapping, we can enable fault diagnosis using another WT’s NBM. A critical component herein is that the mapping should preserve the sample’s content when translating it to another domain. For example, a SCADA measurement capturing a WT running idly should remain in an idle state, and critically, anomalous behavior should be mapped to anomalous behavior across WT domains. ",
        "page_idx": 1
    },
    {
        "type": "text",
        "text": "The authors of [18] proposed a generative neural network that synthesizes SCADA data resembling another WT but did not employ or consider any content preservation. Without explicitly enforcing a preservation of WT operational states, as employed in our study, anomalies may be mapped to healthy states, ultimately leading to unreliable fault diagnosis. Pattnaik et al. [19] presented a content-preserving CycleGAN[20]-based domain mapping approach for mapping industrial time series data across motors for bearing fault classification. While their work demonstrated the promising potential of mapping data between different but related machines, it followed the usual domain adaptation workflow of abundant but unlabeled data for classification, whereas our study investigates domain mapping for an unsupervised anomaly detection task using limited training data. ",
        "page_idx": 1
    },
    {
        "type": "text",
        "text": "We propose a novel fault diagnosis approach based on WT domain mapping with CycleGAN that learns to map SCADA data between the source and the target WT domain in a content-preserving manner. At test time, the target data is mapped to the source domain, thereby enabling fault diagnosis using the source WT’s NBM. To our knowledge, this study is the first to demonstrate a CycleGAN-based framework for unsupervised anomaly detection with time series as well as in wind energy. Our contributions are as follows: ",
        "page_idx": 2
    },
    {
        "type": "text",
        "text": "i) Our study is the first to investigate and demonstrate domain mapping for unsupervised anomaly detection with time series for WT fault diagnosis.   \nii) We show how our domain mapping technique can be used for data scarce WTs to improve NBM performance in fault diagnosis applications.   \niii) We outline future research directions for domain mapping-based anomaly detection in wind energy. ",
        "page_idx": 2
    },
    {
        "type": "text",
        "text": "2 Related Work ",
        "text_level": 1,
        "page_idx": 2
    },
    {
        "type": "text",
        "text": "2.1 Domain adaptation ",
        "text_level": 1,
        "page_idx": 2
    },
    {
        "type": "text",
        "text": "Formally, a domain $D=\\{\\mathcal{X},P\\left(X\\right)\\}$ consists of a feature space $\\mathcal{X}$ and a marginal probability distribution $P(X)$ , where $X=\\{\\stackrel{.}{x_{1}},\\dotsc,x_{n}\\}\\in\\mathcal{X}$ [9]. We aim to learn a task $T=\\{\\bar{\\mathcal{y}},P(Y|X)\\}$ , where $y$ is the label space and $P(\\boldsymbol{Y}|\\boldsymbol{X})$ is the conditional probability. We differentiate between the source domain $\\mathcal{D}_{\\mathcal{S}}$ with its dataset $D_{s}=(x_{1s},y_{1s}),\\dots,(x_{n s},y_{n s})$ and the target domain $\\mathcal{D}_{T}$ with its corresponding dataset $D_{T}=\\left(x_{1t},y_{1t}\\right),\\dotsc,\\left(x_{n t},y_{n t}\\right)$ , where usually $0<n_{t}\\ll n_{s}$ In our WT fault diagnosis context, the source domain is represented by a source WT with representative SCADA data $(n_{s}\\gg0)$ and the target domain by a target WT with scarce, non-representative data $(n_{t}\\ll n_{s})$ ). Transfer learning aspires to use knowledge extracted from $D_{S}$ and by $T_{S}$ to improve learning the task $T_{T}$ in the target domain $\\mathcal{D}_{T}\\neq\\mathcal{D}_{S}$ . Domain adaptation is a particular type of transductive transfer learning, a setting in which the task remains the same but across different domains [9], [10]. ",
        "page_idx": 2
    },
    {
        "type": "text",
        "text": "As acquiring labels for readily available large scale vision datasets is a prohibitively time intensive and expensive task, much attention has been devoted to unsupervised domain adaptation (labeled source domain and unlabeled target domain data) for vision related classification tasks [10]. Initial approaches were focused on learning domain-invariant representations of source and target features (e.g., [21]–[23]). ",
        "page_idx": 2
    },
    {
        "type": "text",
        "text": "More recently, generative methods were able to improve performance in unsupervised domain adaptation [24], [25]. These methods extend domain adaptation with a generative component. The main approach is domain mapping (domain translation), which aims to map samples from one domain to another. Domain mapping can allow, e.g., the use of a pretrained source domain classifier for unlabeled target data which has been mapped to the source domain. An essential challenge herein is to retain important characteristics and semantics of the mapping input such as class characteristics, to ensure a correct and consistent classification. For instance, a handwritten digit of class 1 must at the very least remain of class 1 when mapped into a corresponding street view house numbers domain for a correct classification. ",
        "page_idx": 2
    },
    {
        "type": "text",
        "text": "Unpaired image-to-image translation methods (e.g., [20], [26]) are fundamental to achieve such a content-preserving mapping. CycleGAN [20] enables the translation of unpaired samples into another domain with generative adversarial networks through a cycle-consistency loss, which enforces the preservation of content. Domain mapping based on CycleGAN has been used in various applications, e.g. in medical settings [27], voice conversion [28], as well as machine fault diagnosis [19]. For a more comprehensive review of discrepancy-based domain adaptation and domain mapping we refer to [24], [25]. ",
        "page_idx": 2
    },
    {
        "type": "text",
        "text": "2.2 Domain adaptation for wind turbine fault diagnosis ",
        "text_level": 1,
        "page_idx": 2
    },
    {
        "type": "text",
        "text": "The potential of domain adaptation has been demonstrated with time series data from sensors across multiple applications, including non-WT industrial fault detection [19], [29], [30]. These applications primarily rely on classification through domain alignment with abundant target domain data lacking fault labels. For WTs specifically, discrepancy-based domain adaptation for fault classification is presented in [11]–[13], [31]. Results show significant gains in accuracy on the unlabeled target domains, even when target domain data is scarce [12]. An alternative approach to improve fault classification performance, namely by generative data augmentation, is proposed in [32] to generate missing working conditions for vibration data. ",
        "page_idx": 2
    },
    {
        "type": "text",
        "text": "Yet, the available literature for our relevant anomaly detection task using NBMs is scarce. In our unsupervised anomaly detection setting, there is typically a target data scarcity, coupled with no available supervision (e.g., no fault labels), thereby rendering many previously presented domain adaptation techniques unsuitable for this task. Few conventional transfer learning approaches have been proposed: In [15], fine-tuning is successfully applied to an NBM pretrained on physics-informed simulation data. While the results show significantly improved performance for when only one month of SCADA data is available, the physics-informed simulation restricts the models to active power NBMs. A simple correction based on linear regression of the source domain NBM output is proposed in [16]. The proposed correction achieves slightly improved results over fine-tuning but is primarily implemented to avoid overfitting an NBM on a specific season, represented by a target training set comprising considerable 3 months of data. ",
        "page_idx": 3
    },
    {
        "type": "text",
        "text": "The first generative domain adaptation work for WT NBMs is presented by Jin et al. [18]. Specifically, a generative adversarial network (GAN) is proposed to map samples from the scarce target domain, consisting of two weeks of SCADA data, to the source domain comprising data from a different WT. The GAN is conditioned on target data, that is, the input to the generator are SCADA samples from the target domain, rather than random noise. In doing so, the target domain input is mapped to samples matching the marginal probability distribution of the source domain. Finally, the mapped target data is used with an autoencoder-based NBM pretrained on the source domain for anomaly detection. Presented results demonstrate reliable anomaly detection despite target data scarcity. While this approach resembles domain mapping, it substantially deviates from previously outlined approaches. First, it consists of only one-directional target-to-source mappings. Crucially, the mapping network is also unconstrained, i.e., there is no constraint to preserve specific WT states (e.g., maximal power generation or anomalous operation behavior) to the corresponding state in the other domain. This may result in anomalous data being mapped to arbitrary healthy operation states. This lack of content preservation can therefore lead to unreliable fault diagnosis. Our study overcomes such deficiencies by employing domain mapping based on CycleGAN with consistency losses to preserve the SCADA content during domain translation. ",
        "page_idx": 3
    },
    {
        "type": "text",
        "text": "As the only study to investigate constrained domain mapping for WTs, Chatterjee et al. [33] show only a marginal and negligible accuracy gain in blade icing detection when using CycleGAN to map images of plain ice-free rotor blades across a dataset of rotor blades with icing for generative data augmentation. The authors attributed the poor performance to possibly the small dataset size, large class imbalance, or their image generation process. Their work utilized images of rotor blades with all modes present and for synthetic data augmentation (i.e., convert images of plain blades to images of blades affected by icing), whereas our study investigates the translation of non-representative SCADA time series data for anomaly detection. ",
        "page_idx": 3
    },
    {
        "type": "text",
        "text": "2.3 Domain mapping for unsupervised anomaly detection ",
        "text_level": 1,
        "page_idx": 3
    },
    {
        "type": "text",
        "text": "Few studies exist on domain mapping applications for unsupervised anomaly detection, even beyond the wind energy research field. Hardly any domain adaptation studies exist for anomaly detection tasks as in the present study where only normal training samples are available combined with limited data in the target domain [14]. To our knowledge, our study is the first to propose a CycleGAN-based approach to unsupervised anomaly detection using domain mapping. ",
        "page_idx": 3
    },
    {
        "type": "text",
        "text": "Moreover, only few works have even performed the underlying domain translation with time series data, i.e., mapping time series, regardless of the task and outside the scope of wind turbine SCADA data. CycleGAN is proposed for data augmentation by generating artificial damaged states of acceleration data in [34] through a mapping of undamagedto-damaged conditions. Pattnaik et al. [19] translates time series across machines for bearing fault diagnosis using a CycleGAN framework. Unlike our anomaly detection study with scarce target data, their model maps abundant but unlabeled target domain data to the source domain where it is subsequently used in a fault classifier pretrained on the source domain. Results showed a significant outperformance compared to conventional domain adaptation methods when the domain shift is large, i.e., when mapping from substantially different but related machines. ",
        "page_idx": 3
    },
    {
        "type": "text",
        "text": "3 Dataset ",
        "text_level": 1,
        "page_idx": 4
    },
    {
        "type": "image",
        "img_path": "images/ebd57716639ff45714179c7e084ea57a417a901da17cd63736a8f3e51a3ed193.jpg",
        "img_caption": [
            "Figure 1: On the left, a source WT is selected with its data split into a training/validation and test set. On the right, we select a target WT which is also split into a preliminary training/validation and test set. For the target WT, a data scarcity scenario is then applied, in which only 1-8 weeks immediately preceding the target test set (which remains the same) are considered as the new training/validation set. For both WTs, we apply a sliding window approach to extract 12-hour SCADA samples from the sets, consisting of 11 channels in total. The shaded areas represent the corresponding maximum and minimum feature values. "
        ],
        "img_footnote": [],
        "page_idx": 4
    },
    {
        "type": "text",
        "text": "Our available raw data comprises 10-minute averaged SCADA data of 7 wind turbines, each from a distinct wind farm. While the turbines share the same manufacturer to ensure a matching SCADA variable system, they exhibit significantly different characteristics, model types, power rating, maintenance and fault history, and geographical location. An incident log is further provided for each WT. These logs contain a binary flag for each 10-minute measurement, describing time frames during which unknown and unspecified incidents occurred in the WT operation. While these incidents do not necessarily represent anomalous behavior or faults, we consider no measurements during these marked time frames as coming from normal operation behavior. A more detailed overview and an illustration of the 7 WTs is provided in Appendix D. ",
        "page_idx": 4
    },
    {
        "type": "text",
        "text": "Our study considers source-target pairs of WTs for domain adaptation, with one WT defining the source domain and the pair’s second WT defining the target domain. Our goal is to map SCADA samples between the source domain, consisting of a randomly selected WT, and the target domain, represented by another WT of a different WT type from a different wind farm. The data from the source domain WT is split into a training set (first $70\\%$ of the data), a validation set $30\\%$ of the training data), and a test set (the last $30\\%$ of data). For the target domain WT, starting with its full dataset, we first apply the same 70-30-30 split as with the source WT. As a next step we apply a data scarcity scenario, by artificially shortening the training and validation set. Specifically, we shorten the training/validation set to consecutive time frames of 1 to 8 weeks immediately preceding the test set, which remains the same across all scarcity scenarios. To ensure dataset size consistency when comparing across different WTs, we always refer to one week of data to comprise 1008 (6 10-minute sample per hour $^{*}24^{*}7$ days) SCADA samples instead of selecting by calendar week, as maintenance, data gaps, or incidents could cause strongly changing dataset sizes across turbines. ",
        "page_idx": 4
    },
    {
        "type": "text",
        "text": "",
        "page_idx": 5
    },
    {
        "type": "text",
        "text": "These datasets are further normalized according to statistics calculated over the training set of the source domain such that each SCADA variable falls into a value range of $[-1,1]$ . The target domain data is normalized using the same min-max normalization formula while using source domain statistics and therefore not confined within this range. ",
        "page_idx": 5
    },
    {
        "type": "text",
        "text": "From each set, we apply a sliding window approach to extract a sample dataset consisting of 12-hour samples of consecutive SCADA measurements with 11 variables. Selected were the mean, maximum, and minimum wind speed, rotor speed, power output values, as well as two temperatures from internal components, namely the mean stator and rotor temperature. Due to the one-to-one mapping inherent with CycleGAN [35], we refrained from using variables with a larger stochastic component such as the ambient temperature. For instance, an idle WT operational state, represented through our highly correlated 11 input features, could exist with numerous possible ambient temperature variations, which may necessitate probabilistic domain mapping (many-to-many mappings, e.g. [35]). The chosen 12-hours time frame allows us to better capture temporal dynamics within a sample, for instance thermal processes. An illustration of our dataset splits and resulting SCADA samples is shown in Figure 1. ",
        "page_idx": 5
    },
    {
        "type": "text",
        "text": "Normal behavior models require that only normal samples, i.e., only healthy WT operation states, are used for training. We apply WT-specific filtering to exclude possibly abnormal samples from the training and validation sets. First, we exclude all measurements that fall into a time frame marked in the incident logs. Moreover, we apply a rated power filter rule and Mahalanobis distance-based filtering based on [36] to remove outliers, measurements from curtailment, and other outliers. No filtering is performed on the test sets. ",
        "page_idx": 5
    },
    {
        "type": "text",
        "text": "4 Methodology ",
        "text_level": 1,
        "page_idx": 5
    },
    {
        "type": "text",
        "text": "Our study aims to improve the reliability of fault diagnosis models for WTs with unrepresentative training data by leveraging models and data from similar, but not identical, WTs for which representative training data is available. To achieve this, we employ a generative domain adaptation approach, namely domain mapping. This section outlines our machine learning models, domain mapping losses, and evaluation metrics used. Our proposed framework consists of a domain mapping network that can translate source domain samples (consecutive 12-hour SCADA samples) into the target domain and vice versa. Despite the translation being learned cyclically and in both directions during training, we are ultimately interested in mapping (scarce) target domain data to the source domain for subsequent anomaly detection. The anomaly detection underlying the fault diagnosis of the mapped target domain data is finally achieved with an autoencoder-based NBM pretrained on the source domain. The proposed workflow is shown in Figure 2. ",
        "page_idx": 5
    },
    {
        "type": "text",
        "text": "4.1 Autoencoder-based NBM ",
        "text_level": 1,
        "page_idx": 5
    },
    {
        "type": "text",
        "text": "We employ an NBM based on autoencoders [37] for anomaly detection and fault diagnosis. Autoencoders are unsupervised neural networks trained to encode input data into a lower dimensional representation (encoder) and to subsequently reconstruct the input data from the compressed representation (decoder). To reconstruct the input as exactly as possible, an autoencoder learns to encode the most important features, thereby learning critical variable and feature relationships. An input sample that significantly deviates from the training set (i.e., an anomaly) will thus result at test time in an elevated reconstruction error, representing an anomaly score. Autoencoders have been employed as WT-specific NBMs (e.g., [38]–[40]). Our autoencoder takes as input 12-hour SCADA samples with 11 channels (792 data points) and learns to reconstruct them based on an encoding size (bottleneck dimension) of 72 units. A model is trained on only normal source domain training samples for each WT domain pair. At test time, we categorize all samples with a reconstruction error (mean absolute error between the autoencoder reconstruction output and its original input) above the defined WT-specific threshold as anomalous. The threshold is set to detect far out outliers [41] for all models as $T=q_{3}+3\\left(q_{3}-q_{1}\\right)$ , where $q_{3}$ and $q_{1}$ represent the 75th and 25th percentile of the normal validation data reconstruction errors, respectively. Further information about the autoencoder model is outlined in Appendix A. ",
        "page_idx": 5
    },
    {
        "type": "image",
        "img_path": "images/3943564a2f7238f6b786439fbb935033e2d8a9150c317f314e372147cfd7d1b5.jpg",
        "img_caption": [],
        "img_footnote": [],
        "page_idx": 6
    },
    {
        "type": "text",
        "text": "$\\textcircled{1}$ Pretrain autoencoder-based NBm on source data $\\textcircled{2}$ Train a domain mapping network to map between source and target $\\textcircled{3}$ i) map target test data to source ii) fault diagnosis with source NBM ",
        "page_idx": 6
    },
    {
        "type": "image",
        "img_path": "images/6a4ce6181e0818a1ac6b34787c17ce2be1704202bd8f144158167beaa64209e6.jpg",
        "img_caption": [],
        "img_footnote": [],
        "page_idx": 6
    },
    {
        "type": "text",
        "text": "",
        "page_idx": 6
    },
    {
        "type": "image",
        "img_path": "images/9b3f98faf06423d858b18ea5c91111a566fb492501d4c8838124dbbe3b9bcd29.jpg",
        "img_caption": [],
        "img_footnote": [],
        "page_idx": 6
    },
    {
        "type": "text",
        "text": "",
        "page_idx": 6
    },
    {
        "type": "image",
        "img_path": "images/1e5af7dd3b4ae51fa6ed8701281549f7a2c31e98ef7087c64f797209e55d1673.jpg",
        "img_caption": [
            "Figure 2: Workflow of the proposed approach. A source domain, represented by a WT with abundant data, and a target domain, represented by a WT with scarce data, are available. In step (1), an NBM is trained on the healthy, abundant source data only. This NBM can detect anomalies for the source WT but cannot be used for the target WT due to the domain shift. In (2), our proposed domain mapping technique using a CycleGAN is applied. The network learns to map source data to match target data and vice versa. In final step (3), the test set data of the target WT is first mapped to the source domain using the trained target-to-source network component $(G_{T S})$ . As it now resembles source data, the pretrained NBM can be applied to obtain anomaly scores on the mapped data. "
        ],
        "img_footnote": [],
        "page_idx": 6
    },
    {
        "type": "text",
        "text": "4.2 Domain mapping model ",
        "text_level": 1,
        "page_idx": 6
    },
    {
        "type": "text",
        "text": "Our domain mapping network is based on the CycleGAN formulation [20]. The network consists of two one-directional generative adversarial networks (section 4.3) taking as input SCADA samples of one WT to transform them into data resembling the other WT. The generators are trained to synthesize realistic samples in an adversarial way by trying to outperform the WT-specific critics, which try to distinguish between fake (generated) and real samples of their particular WT. Unconstrained generators, as in the case of [18], can however potentially transform an input SCADA sample in any way and disregard the inherent content within the sample, which represents a particular state of the WT, e.g., idle power, maximal power production, or anomalous behavior. We propose and demonstrate that adding consistency losses (section 4.4) to the network enforces the content-preservation for anomaly detection. Most importantly, a cycle-consistency loss enforces that a sample first mapped to the other domain and then back to its original domain should remain similar. Figure 3 illustrates the concept of our domain mapping network. ",
        "page_idx": 6
    },
    {
        "type": "text",
        "text": "In the following, we outline the specifications of the generators, discriminators, and content-preserving losses. Formally, we define a source domain $\\mathcal{D}_{\\mathcal{S}}$ representing the source WT and a target domain $\\mathcal{D}_{\\mathcal{T}}$ representing the target domain WT with domain datasets $D_{S},D_{T}$ containing respective SCADA samples here labeled as $s$ and $t$ . ",
        "page_idx": 6
    },
    {
        "type": "image",
        "img_path": "images/2f3dcc419e7d5dab03acaf46cdf8f7524b1d579b7388b3742ae9434a91bc619b.jpg",
        "img_caption": [
            "Figure 3: Illustration of the proposed domain mapping network. Visualized here is only the translation of a SCADA sample from the source domain (s) to the target domain and back, while our model maps in both directions. A source sample $(s)$ is mapped by the generator for the respective domain direction $(G_{S T})$ to resemble data from the target domain under additional content-preservation constraints. The mapped sample $(t^{*})$ is mapped back to the source domain using $G_{T S}$ , completing the cycle. The cycle-consistency forces the cycled sample $(s^{**})$ to closely resemble the original input. "
        ],
        "img_footnote": [],
        "page_idx": 7
    },
    {
        "type": "text",
        "text": "4.3 Generators and critics ",
        "text_level": 1,
        "page_idx": 7
    },
    {
        "type": "text",
        "text": "The framework consists of two generators $G_{S T},G_{T S}$ and two discriminators $D i s c_{T},D i s c_{S}$ . The generators are tasked to map a sample from one domain, which is their input, to resemble a sample from the other domain. There is one generator for each domain direction, i.e., $G_{S T}:\\mathcal{D}_{S}\\rightarrow\\mathcal{D}_{T},G_{T S}:\\mathcal{D}_{T}\\rightarrow\\mathcal{D}_{S}$ . The generator $G_{S T}$ maps an input SCADA sample from $\\mathcal{D}_{\\mathcal{S}}$ to resemble a sample belonging to domain $\\mathcal{D}_{\\mathcal{T}}$ . As opposed to the standard GAN formulation, the generators take as inputs real samples of a domain to translate, instead of synthesizing samples from random noise. The discriminators generally act as critics, assessing whether a sample belongs to the underlying probability distribution or not. $D i s c_{T}\\left(x\\right)$ is generally a score reflecting whether a sample candidate $x$ belongs to the corresponding domain distribution $P_{T}$ or not. In our work, we use the GAN-QP framework [42], [43] as in [18] to train the generators and critics to generate realistic samples. Further details about model architectures, hyperparameter optimization, and complete training procedure are presented in Appendix B. ",
        "page_idx": 7
    },
    {
        "type": "text",
        "text": "4.4 Content preservation losses ",
        "text_level": 1,
        "page_idx": 7
    },
    {
        "type": "text",
        "text": "As the goal is to ultimately perform fault diagnosis with mapped data, it is critical to ensure that the generator mapping preserves the SCADA sample content, i.e., the operational state represented by the sample such as constant maximum power output and in particular anomalous behavior. The proposed cycle-consistency loss in CycleGAN [20] constrains the domain mapping to encourage that a mapped sample mapped back to its original domain resembles the original sample. Formally, it encourages $G_{S T}\\left(G_{T S}\\left(t\\right)\\right)\\approx t$ and vice versa. This is achieved by adding an L1 loss to the generator loss punishing deviations between original and cycled samples: ",
        "page_idx": 7
    },
    {
        "type": "equation",
        "text": "$$\n\\mathcal{L}_{c y c}=\\lambda_{c y c}\\left(M A E\\left(t,G_{S T}\\left(G_{T S}\\left(t\\right)\\right)\\right)+M A E\\left(s,G_{T S}\\left(G_{S T}\\left(s\\right)\\right)\\right)\\right)\n$$",
        "text_format": "latex",
        "page_idx": 7
    },
    {
        "type": "text",
        "text": "However, the cycle-consistency loss can be in our case insufficient to ensure a consistent content mapping across domains. To illustrate this, let us consider adding a hypothetical flipping operation to the generators. Typically, with image data, flipping an input will cause discriminators to reject the mapping. For instance, flipping a horse image upside down before translating it into a zebra will never generate a realistic zebra, whereas “flipping” a SCADA input (e.g., maximum power mapped to zero power) before translation can still generate realistic domain samples. As the same flipping operation is performed in the opposite domain direction, the cycled output will resemble the original input, thereby still enforcing the cycle-consistency but without actually preserving content. To account for this, we further restrict the mapping space with additional consistency losses. ",
        "page_idx": 7
    },
    {
        "type": "text",
        "text": "",
        "page_idx": 8
    },
    {
        "type": "text",
        "text": "We add two physics-informed loss functions to construct our content-consistency loss. The first loss encourages the generators to map idle states in the original domain, for instance, zero active power output or no rotor rotation, to idle states in the other domain. Formally, we define all positions of selected channels (in our study: minimum, mean, maximum power and rotor rotation) within a SCADA sample $x$ as a zero state if they are zero valued: $Z:=x_{c,i}=$ $0;i=1,...,72$ , where $c$ denotes the channel. The zero loss discourages deviations from the zero state when mapping to a domain: ",
        "page_idx": 8
    },
    {
        "type": "equation",
        "text": "$$\n\\mathcal{L}_{0}=\\lambda_{0}\\left(M A E(G_{S T}(s\\mathbb{1}_{Z}),0)+M A E(G_{T S}(t\\mathbb{1}_{Z}),0)\\right)\n$$",
        "text_format": "latex",
        "page_idx": 8
    },
    {
        "type": "text",
        "text": "The rated power loss encourages that power outputs at a rated WT value remain at a rated value for the corresponding other WT. Let $C_{S}$ and $C_{T}$ represent the rated power of the source and target domain WT, respectively. All positions within a SCADA sample $x$ are defined to be at a rated power if they match the WT capacity: $R:=x_{c,i}=C_{D};D=$ domain (S, T), $i=1,...,72$ , where $c$ denotes the channel (in our study: the mean power). The rated power loss is then defined as: ",
        "page_idx": 8
    },
    {
        "type": "equation",
        "text": "$$\n\\mathcal{L}_{\\mathcal{R}}=\\lambda_{\\mathcal{R}}(M A E(G_{S T}(s\\mathbb{1}_{R}),C_{T})+M A E(G_{T S}(t\\mathbb{1}_{R}),C_{S}))\n$$",
        "text_format": "latex",
        "page_idx": 8
    },
    {
        "type": "text",
        "text": "The consistency losses are added to the generator loss with relative weights $\\lambda_{c y c},\\lambda_{0},\\lambda_{R}$ , determined using a hyperparameter search. More details are outlined in Appendix B. We illustrate our consistency losses in Figure 4. ",
        "page_idx": 8
    },
    {
        "type": "image",
        "img_path": "images/d69984bcd45a17fef5354dd5d6aa1c18d95f74c4e53db1df844492c4b5e097f3.jpg",
        "img_caption": [
            "Figure 4: A sketch illustrating our content-consistency losses. An illustrative $12\\mathrm{h}$ -sample containing only the WT power output and wind speed is shown on the left, with its mapping to the other domain in the middle and mapped back to the original domain on the right. The zero-loss enforces that zero states (e.g., zero power) should be mapped to zero states in the other domain, shown by the boxed dashed regions marked by $\\mathcal{L}_{0}$ . The rated power loss $(\\mathcal{L}_{R})$ enforces that when a WT is running at maximum capacity (in the figure: $3\\mathrm{MW})$ it should also run at the rated capacity in the other domain (in the figure: 1 MW). Finally, the cycle-consistency loss $\\mathcal{L}_{c y c}$ ensures that the cycled sample (mapping a mapped sample back to its original domain) remains similar to its original sample. "
        ],
        "img_footnote": [],
        "page_idx": 8
    },
    {
        "type": "text",
        "text": "4.5 Evaluation and benchmarks ",
        "text_level": 1,
        "page_idx": 8
    },
    {
        "type": "text",
        "text": "Ultimately, we are interested in obtaining similar anomaly scores with scarce target data as if we had abundant target training data available. Therefore, we consider the test set anomaly scores from an NBM trained on abundant target training data (i.e., without any data scarcity scenario applied) as our ground truth in this study. More specifically for anomaly detection, we are interested in whether compared anomaly scores both exceed their (model-specific) threshold or not (anomalous or normal). We introduce a similarity measure in the following to compare data scarce models to the representative NBM. ",
        "page_idx": 8
    },
    {
        "type": "text",
        "text": "Let $a^{*}=(a_{1}^{*},\\ldots,a_{n}^{*})$ be the ground truth test set anomaly scores of the NBM trained on the full target domain training data (i.e., no data scarcity scenario applied), consisting of $n$ test set samples with a model-specific threshold $T^{*}$ . Let $a=(a_{1},\\ldots,a_{n})$ be the test set anomaly scores of a compared NBM (e.g., anomaly scores of mapped data) with its threshold $T$ . Anomaly scores are converted into a binary value expressing whether the score exceeds the threshold (positive, 1) or not (negative, 0), i.e., $y^{*}=a_{1}\\geq T^{*},\\ldots,a_{n}\\geq T^{*}$ and $y=a_{1}\\geq T,\\ldots,a_{n}\\geq T$ . We compare the binary values using classification metrics to obtain the performance as the F1-score, defined as: ",
        "page_idx": 8
    },
    {
        "type": "text",
        "text": "",
        "page_idx": 9
    },
    {
        "type": "equation",
        "text": "$$\n{\\mathrm{F1-Score}}={\\frac{\\mathrm{2TP}}{\\mathrm{2TP}+{\\mathrm{FP}}+{\\mathrm{FN}}}}\n$$",
        "text_format": "latex",
        "page_idx": 9
    },
    {
        "type": "text",
        "text": "We compare the performance of our domain mapping technique with two benchmarks: The first one is an NBM trained on scarce target data only, providing a baseline without domain adaptation and SCADA data from existing wind farms. The second one is a fine-tuning benchmark that represents the performance of a conventional and simple domain adaptation approach for this task. Starting with a pretrained NBM trained on SCADA samples of the source domain WT, we fine-tune the model on the available scarce target training data. Our benchmark models and the evaluation are illustrated in Figure 5. ",
        "page_idx": 9
    },
    {
        "type": "text",
        "text": "Ground Truth ",
        "text_level": 1,
        "page_idx": 9
    },
    {
        "type": "image",
        "img_path": "images/4422e95757bcc88f7ba88dc851e20f0a2807b97ed9e81058f56f4d2ae1495d54.jpg",
        "img_caption": [
            "Figure 5: All approaches for comparison are illustrated at the top. In the upper left, we consider an NBM trained on abundant target WT data (no data scarcity) producing anomaly scores on a fixed test set, representing our ground truth. We compare these anomaly scores with an NBM trained on scarce target training data only (upper right), a fine-tuning approach (lower left) and our domain mapping network (lower right). These obtained anomaly scores, sharing the same test set, are compared in terms of a threshold similarity (F1-score) to the ground truth (illustrated at the bottom). "
        ],
        "img_footnote": [],
        "page_idx": 9
    },
    {
        "type": "text",
        "text": "5 Results and Discussion ",
        "text_level": 1,
        "page_idx": 10
    },
    {
        "type": "text",
        "text": "5.1 Fault diagnosis performance ",
        "text_level": 1,
        "page_idx": 10
    },
    {
        "type": "text",
        "text": "We assess the fault diagnosis performance of our proposed domain mapping network in terms of producing similar anomaly scores as a target WT NBM trained on abundant data, as outlined in Figure 5. In total, we evaluated 28 source-target WT domain pairs using 6 distinct target domain WTs, as one of the seven WTs (WT07) was used during model selection and hyper-parameter optimization (see Appendix B), with varying degrees of target training data scarcity of 1-8 weeks. All domain pairs consist of a source and target WT differing in turbine specifications in terms of model and having a unique rated power capacity (see Appendix D), farm, and geographical location. For each source-target domain pair, we compared the performance to an NBM trained on scarce data only and a fine-tuning benchmark. ",
        "page_idx": 10
    },
    {
        "type": "table",
        "img_path": "images/ce67f9d607f83740429bf1314f03153728a0a11fb7155759fc4c0089fcddef06.jpg",
        "table_caption": [
            "Table 1: F1-scores $(\\mathrm{in}~\\%)$ across all 6 target wind turbines evaluating the threshold similarity of NBMs trained on various degrees of limited training data to the ground truth of the respective NBMs trained on a full training dataset. "
        ],
        "table_footnote": [],
        "page_idx": 10
    },
    {
        "type": "text",
        "text": "Training NBMs on scarce data. For all 6 target WTs considered in our study, we first trained NBMs using only scarce target training data under varying scarcity scenarios. That is, we trained an NBM using 1-8 weeks of training data and evaluated the resulting anomaly scores on the fixed test set in comparison to the ground truth. Our findings in Table 1 show that NBMs trained on limited training sets achieved comparably poor fault diagnosis performance, with the mean F1-score generally decreasing as less training data becomes available. While a training set comprising 2 months of data achieved on average an F1-score of $84.3\\%$ across all 6 target WTs, the mean score substantially decreased to $51.3\\%$ when only 2 weeks are considered, showing a strong drop in similarity of anomaly scores compared to the NBM trained on a full training dataset. Limited data can lead to unrepresentative training sets with an insufficient coverage of samples from normal operational behavior. An example of representative and unrepresentative training data is shown in Appendix E. Thus, the autoencoder-based NBM becomes incapable of reconstructing normal data at test time that was missing from the training set. Our results indicating that training NBMs under data scarcity can result in unreliable fault diagnosis support the findings of e.g., [6], [7]. ",
        "page_idx": 10
    },
    {
        "type": "text",
        "text": "Improving fault diagnosis with domain adaptation. To overcome these limitations, we employed domain adaptation techniques. We trained and evaluated our proposed domain mapping technique and fine-tuning as comparison benchmark to overcome these limitations. We present the achieved improvements in F1-score compared to training an NBM on scarce data only (i.e., baseline without domain adaptation) for each domain pair in Table 2, further averaged by data scarcity degree. The absolute F1-scores are available in Table A4 in Appendix C. Both fine-tuning and our domain mapping network achieved an improvement in fault diagnosis performance in scenarios with strong data scarcity, i.e., particularly in situations where the scarce NBM fails to achieve reliable fault diagnosis. ",
        "page_idx": 10
    },
    {
        "type": "text",
        "text": "As shown in Table 2, both domain adaptation methods managed to to improve fault diagnosis performance over training on scarce data alone in most domain pairs and across almost all data scarcity degrees. Fine-tuning was able to improve the performance by increasing the F1-score on average by $+4.7\\%$ points when only 1 month of target training data was available and $+9.3\\%$ with 2 weeks of data, showing improvements across all scarcity scenarios except 2 months. These results further suggest that fine-tuning can be employed to adapt knowledge embedded in the source domain NBM to a limited target domain. ",
        "page_idx": 10
    },
    {
        "type": "text",
        "text": "Notably, our proposed domain mapping approach outperformed fine-tuning across all considered training set sizes, especially in scenarios with severe data scarcity. In the scenarios ranging from 1 week to 1 month of data, our domain mapping approach achieved a substantial performance gain over not only the NBM trained on scarce data but also consistently over fine-tuning, with an increase in mean F1 score by $+10.3\\%$ points for 1 month and $+16.8\\%$ for 2 weeks. Our presented domain mapping approach makes use of the entire source WT’s dataset to learn mappings and uses its reliable model for anomaly detection, as opposed to fine-tuning, which exclusively relies on only the trained source NBM parameters being adjusted by a limited target training set, thereby limiting its acquired knowledge of the domain shift. Our findings highlight the effectiveness and potential of our domain mapping method as an alternative approach to conventional fine-tuning to mitigate the challenges of data scarcity in WT fault diagnosis. Our proposed technique can enable more reliable and earlier fault diagnosis, for instance for newly installed wind turbines, by incorporating models and data of only one reference source wind turbine with abundant data. ",
        "page_idx": 10
    },
    {
        "type": "table",
        "img_path": "images/9c53843570e5958eeb4b729ed3a3540e2b18b31e68a0bc31bbfef50d781133d5.jpg",
        "table_caption": [
            "Table 2: Change in F1-score value compared to the respective NBM trained on scarce data only for all 28 domain pairs and data scarcity degrees. "
        ],
        "table_footnote": [],
        "page_idx": 11
    },
    {
        "type": "text",
        "text": "",
        "page_idx": 11
    },
    {
        "type": "text",
        "text": "Performance decreases with abundant data. Conversely however, in scenarios with abundant data (e.g., 2 months), both fine-tuning and domain mapping showed limited improvements or even significant performance drops. A large decrease in performance can particularly be observed when the scarce NBM already achieved comparably high F1- scores, indicating representative training data (e.g., target WT04 in Table 1). This suggests that when enough data is available to train a reliable NBM, the benefits of these domain adaptation techniques may diminish. A drop in performance can likely be attributed to a loss of information through the fine-tuning and domain mapping operation, coupled with our hyperparameter optimization for both methods having been performed for 1 month of available data, which may result in suboptimal training when abundant data is available. That is, our domain adaptation methods were optimized to be more constrained. In principle, fine-tuning should be able to overfit on the target data (completely disregarding any source knowledge), thereby achieving the same performance as if it were a new model exclusively trained on target data. Equivalently, the content-consistency loss constraints of our domain mapping could be more relaxed, allowing our model to generate samples more freely when enough diverse samples are available. Such adjustments would however require a priori information about the representativeness of the training set compared to the test set (which is by definition unavailable at training time), consequently restricting the possibilities for adequate case-by-case tuning. More research is needed to identify and counteract the loss of information as well as to improve hyperparameter optimization to preemptively detect or mitigate performance decreases in these scenarios. ",
        "page_idx": 11
    },
    {
        "type": "text",
        "text": "",
        "page_idx": 12
    },
    {
        "type": "text",
        "text": "WT-specific differences in performance changes. Lastly, we note strong differences in performance across target WTs. These could be attributed to the randomness of the selected training set weeks (e.g., contained weather conditions, variety of operational states), the test set characteristics (e.g., number of faults), general turbine behavior, and the domain pair, exhibiting varying domain shifts across different WTs. Further research is needed to investigate these variations and to possibly adjust the network and hyperparameters to the specific characteristics of WTs. For certain domain pairs, fine-tuning may retrospectively turn out to be a better solution compared to domain mapping. In some few other cases, both domain adaptation methods may even lead to a substantial drop in performance even with limited training data. Further investigations are required to clearly identify these causes and for finding mitigation strategies. These variations may cause uncertainties regarding an appropriate method selection, as due to the fundamental lack of knowledge about the test set, it remains unclear which approach to choose at training time. ",
        "page_idx": 12
    },
    {
        "type": "text",
        "text": "5.2 Detailed analysis of a domain pair example ",
        "text_level": 1,
        "page_idx": 12
    },
    {
        "type": "text",
        "text": "We present a detailed comparison of the fault diagnosis performance across all methods for one specific domain pair with the source domain WT “WT07” and target domain WT “WT05” with 1 month of available training data. The performance gains for this domain pair represent approximately the average for this scarcity scenario. ",
        "page_idx": 12
    },
    {
        "type": "text",
        "text": "5.2.1 NBM trained on representative data ",
        "text_level": 1,
        "page_idx": 12
    },
    {
        "type": "text",
        "text": "To obtain our ground truth anomaly scores for the target WT test set, we trained an NBM on the full target training data, which contains measurements recorded over a span of more than 2 years (Appendix D). We visualize the resulting anomaly scores, i.e., the NBM reconstruction errors, for the target WT test set in Figure 6. The scores generally exceed the threshold during time frames when incidents were logged, yet not for all incidents (e.g., in mid-October 2023). As the incidents are unspecified, we are unable to categorize this as a missed fault or correct fault diagnosis. During normal operation, the scores tend to remain below the threshold, although certain short periods exhibit elevated scores (e.g.,in the middle of January 2024), which we cannot determine as false positives or identified but unlogged abnormal states. However, we only focus on comparing these scores to the ones obtained trained with scarce data. ",
        "page_idx": 12
    },
    {
        "type": "image",
        "img_path": "images/56053de9d45f2318970ce73743f88d56cf73e0a7551b844d65ed84001bffc13c.jpg",
        "img_caption": [
            "Figure 6: Anomaly scores, i.e., reconstruction errors, of the target WT test set obtained from the representative NBM. The model-specific threshold is shown in the horizontal red dotted line, while time frames with logged incidents are shown by red shaded areas. "
        ],
        "img_footnote": [],
        "page_idx": 12
    },
    {
        "type": "text",
        "text": "5.2.2 NBM trained on scarce data ",
        "text_level": 1,
        "page_idx": 12
    },
    {
        "type": "text",
        "text": "An NBM was then trained on only 1 month of target training data preceding the identical test set. The anomaly scores of this model are visualized in Figure 7. When comparing the threshold similarity, this model achieved an F1-score of $63.9\\%$ (Table A4). Notably, numerous anomaly scores falsely exceed the threshold compared to their counterpart in the ground truth NBM (e.g., January 2024), while scores during incidents largely match the ones from the representative ",
        "page_idx": 12
    },
    {
        "type": "text",
        "text": "NBM. As autoencoders learn normal behavior from the training set, this could indicate that normal operational states were missing in the limited training set, causing high reconstruction errors at test time and therefore falsely elevated anomaly scores. Overall, a significant decrease in fault diagnosis performance can be observed when only scarce training data is available. ",
        "page_idx": 13
    },
    {
        "type": "image",
        "img_path": "images/f4df40d61ed682477a1e610a031fb37b23073371407d16ed3caacc8ef2b29c91.jpg",
        "img_caption": [
            "Figure 7: Anomaly scores of the always identical target WT test set obtained from the NBM trained on scarce training data. "
        ],
        "img_footnote": [],
        "page_idx": 13
    },
    {
        "type": "text",
        "text": "5.2.3 Fine-tuning the source domain NBM ",
        "text_level": 1,
        "page_idx": 13
    },
    {
        "type": "text",
        "text": "As a domain adaptation benchmark, an NBM was first trained on the abundant source training data, i.e., the full training set of WT07, and then fine-tuned using 1 month of target domain training data. Results are shown in Figure 8. This model achieved an increase in F1-score to $68.8\\%$ $_{+4.9}$ percentage points) compared to the scarce NBM. In particular, we notice a decrease in falsely elevated scores (for instance, October 2023) while anomaly scores generally remain elevated when they are in the ground truth. Our results suggest that fine-tuning is capable of adjusting information embedded in the source domain NBM to the target domain, resulting in unseen normal data missing in the target WT to be still considered normal, enabling more reliable fault diagnosis when training data is lacking. ",
        "page_idx": 13
    },
    {
        "type": "image",
        "img_path": "images/285ef7b42be68e4057a463e5eb1e6bc3c10ebc9db3ae08fd714c69d86c3f7b7a.jpg",
        "img_caption": [
            "Figure 8: Anomaly scores of the target WT test set from the fine-tuned source NBM using scarce target training data. "
        ],
        "img_footnote": [],
        "page_idx": 13
    },
    {
        "type": "text",
        "text": "5.2.4 Domain mapping ",
        "text_level": 1,
        "page_idx": 13
    },
    {
        "type": "text",
        "text": "A mapping network was trained to map samples from the source WT to the scarce target WT and vice versa. After training was finished, the target-to-source model $(G_{T S})$ was used to map the target WT test set samples to the source domain. The mapped samples were subsequently used with the source domain NBM to obtain anomaly scores, which are shown in Figure 9. Our proposed technique achieved further performance gains over fine-tuning. The F1-score was significantly increased to $76.5\\%$ $(+12.6)\\$ , achieving the most similar anomaly scores compared to the ground truth. ",
        "page_idx": 13
    },
    {
        "type": "text",
        "text": "This strong correspondence in anomaly scores indicates that our mapping network generates mappings closely resembling the source WT, as reconstruction errors for normal samples remain below the threshold, while additionally preserving the content, as anomalies are mapped to anomalous states. An example of a mapping using a target WT test set sample is illustrated in Figure 10, showing preserved operational behavior, i.e., high and low power was mapped to a correspondingly scaled high and low power output with consistent component temperature behavior. ",
        "page_idx": 13
    },
    {
        "type": "image",
        "img_path": "images/6fb8fdc8dbd2c73374f160c5e83ada1334bf5f3ff4b19523d192039e013f51d1.jpg",
        "img_caption": [
            "Figure 9: Anomaly scores of the target WT test set. The reconstruction errors are obtained from the pretrained source WT NBM using the mapped target test set data. "
        ],
        "img_footnote": [],
        "page_idx": 14
    },
    {
        "type": "image",
        "img_path": "images/55944d9c13d8f4db6122710af2d121f0b2d5f2550c8db6315495469baaf26404.jpg",
        "img_caption": [
            "Figure 10: Example of the domain mapping result. A sample from the target WT’s test set (left) is mapped by the trained network $G_{T S}$ to the source domain, shown on the right. "
        ],
        "img_footnote": [],
        "page_idx": 14
    },
    {
        "type": "text",
        "text": "6 Conclusion ",
        "text_level": 1,
        "page_idx": 14
    },
    {
        "type": "text",
        "text": "This study investigated the application of generative domain adaptation, specifically domain mapping, to address the challenge of limited training data when using normal behavior models in wind turbine fault diagnosis. NBMs require substantial normal operation data, which when missing can result in unreliable diagnosis models. To address this challenge, we proposed a novel domain adaptation approach that leverages data from a WT of a different wind farm for which abundant training data is available. Our domain mapping technique transforms SCADA data from a data scarce target domain WT to resemble data from a different WT with representative training data and thus a reliable NBM. This mapping allows for the use of the source WT’s NBM for fault diagnosis in the target WT despite limited data. We validated our method by conducting experiments using 28 different WT pairs across varying degrees of data scarcity (1 to 8 weeks). Our findings demonstrate the superior performance of generative domain adaptation compared to training models on limited data and conventional fine-tuning, particularly when faced with severe data scarcity. Our results highlight the significant potential of domain mapping in achieving earlier and more reliable WT fault diagnosis models when only scarce training data is available, for instance in newly installed wind farms. ",
        "page_idx": 14
    },
    {
        "type": "text",
        "text": "Our study has several limitations which provide opportunities for future research. First, further exploration of time-seriesbased model architectures and frameworks, consistency losses, and generalizable hyperparameter optimization would be useful to further investigate the potential of domain mapping for WT fault diagnosis. In our study, hyperparameter tuning was evaluated on the test set of one selected domain pair using 1 month of target training data. It is possible that certain types of WT pairs exhibiting varying domain shifts may require differently weighted loss constraints and models. More generalizable optimization techniques could be investigated, e.g., based on a quantification of the domain shift. Our domain mapping network furthermore exhibits a significantly higher complexity and a computationally heavier and longer training procedure compared to fine-tuning, representing a consideration for practical applications. While we validated our approach on a very comprehensive dataset comprising real operational data from numerous WTs from different wind farms, our experiments were limited to WTs of the same manufacturer and a selection of SCADA features. Further large-scale experiments with more versatile wind farms and WT types, as well as different SCADA variables and systems, will be valuable to assess the generalizability of our results to other manufacturers. Lastly, evaluating our method under various types of faults (if logs are available) could provide insights in the limitations of mapping types of anomalies and lead to further improvements to the domain adaptation approach. ",
        "page_idx": 14
    },
    {
        "type": "text",
        "text": "",
        "page_idx": 15
    },
    {
        "type": "text",
        "text": "Our exploratory work suggests a promising potential for further domain mapping applications. For WT fault diagnosis, this includes investigating the use of different architectures and adjusted techniques to establish domain mapping as a novel and effective alternative to fine-tuning. The proposed technique moreover highlights a potential for applications beyond WT systems. Exploring its applicability to diagnosis tasks under data scarcity of other areas, such as for photovoltaic systems, and generally anomaly detection tasks, is an interesting area of future research to explore domain mapping for more accurate and reliable models when faced with limited training data. ",
        "page_idx": 15
    },
    {
        "type": "text",
        "text": "Acknowledgements ",
        "text_level": 1,
        "page_idx": 15
    },
    {
        "type": "text",
        "text": "This research was funded by the Swiss National Science Foundation (grant number 206342). We want to thank aventron AG (Weidenstrasse 27, 4142 Münchenstein, Switzerland, www.aventron.com) for sharing their measurement data enabling this research. ",
        "page_idx": 15
    },
    {
        "type": "text",
        "text": "References ",
        "text_level": 1,
        "page_idx": 15
    },
    {
        "type": "text",
        "text": "[1] S. Faulstich, B. Hahn, and P. J. Tavner, “Wind turbine downtime and its importance for offshore deployment,” Wind Energy, vol. 14, no. 3, pp. 327–337, Apr. 2011. DOI: 10.1002/we.421. [2] G. Helbing and M. Ritter, “Deep Learning for fault detection in wind turbines,” Renewable and Sustainable Energy Reviews, vol. 98, pp. 189–198, Dec. 2018. DOI: 10.1016/j.rser.2018.09.012. [3] J. Tautz-Weinert and S. J. Watson, “Using SCADA data for wind turbine condition monitoring – a review,” IET Renewable Power Generation, vol. 11, no. 4, pp. 382–394, Mar. 2017. DOI: 10.1049/iet-rpg.2016.0248. [4] A. Stetco, F. Dinmohammadi, X. Zhao, et al., “Machine learning methods for wind turbine condition monitoring: A review,” Renewable Energy, vol. 133, pp. 620–635, Apr. 2019. DOI: 10.1016/j.renene.2018.10.047. [5] A. Meyer, “Multi-target normal behaviour models for wind farm condition monitoring,” Applied Energy, vol. 300, p. 117 342, Oct. 2021. DOI: 10.1016/j.apenergy.2021.117342. [6] A. Grataloup, S. Jonas, and A. Meyer, Wind turbine condition monitoring based on intra- and inter-farm federated learning, 2024. DOI: 10.48550/ARXIV.2409.03672. [7] L. Jenkel, S. Jonas, and A. Meyer, “Privacy-Preserving Fleet-Wide Learning of Wind Turbine Conditions with Federated Learning,” Energies, vol. 16, no. 17, p. 6377, Sep. 2023. DOI: 10.3390/en16176377. [8] A. Kusiak, “Renewables: Share data on wind energy,” Nature, vol. 529, no. 7584, pp. 19–21, Jan. 2016. DOI: 10.1038/529019a. [9] S. J. Pan and Q. Yang, “A Survey on Transfer Learning,” IEEE Transactions on Knowledge and Data Engineering, vol. 22, no. 10, pp. 1345–1359, Oct. 2010. DOI: 10.1109/TKDE.2009.191.   \n[10] G. Wilson and D. J. Cook, “A Survey of Unsupervised Deep Domain Adaptation,” ACM Transactions on Intelligent Systems and Technology, vol. 11, no. 5, pp. 1–46, Oct. 2020. DOI: 10.1145/3400066.   \n[11] H. Ren, W. Liu, M. Shan, and X. Wang, “A new wind turbine health condition monitoring method based on VMD-MPE and feature-based transfer learning,” Measurement, vol. 148, p. 106 906, Dec. 2019. DOI: 10.1016/j.measurement.2019.106906.   \n[12] P. Xie, X. Zhang, G. Jiang, J. Cui, and Q. He, “Investigation of deep transfer learning for cross-turbine diagnosis of wind turbine faults,” Measurement Science and Technology, vol. 34, no. 4, p. 044 009, Apr. 2023. DOI: 10.1088/1361-6501/acadf7.   \n[13] Y. Zhu, C. Zhu, J. Tan, Y. Tan, and L. Rao, “Anomaly detection and condition monitoring of wind turbine gearbox based on LSTM-FS and transfer learning,” Renewable Energy, vol. 189, pp. 90–103, Apr. 2022. DOI: 10.1016/j.renene.2022.02.061.   \n[14] Z. Yang, I. Soltani, and E. Darve, “Anomaly Detection With Domain Adaptation,” in Proceedings of the IEEE/CVF Conference on Computer Vision and Pattern Recognition (CVPR) Workshops, Jun. 2023, pp. 2958– 2967.   \n[15] L. Schröder, N. K. Dimitrov, D. R. Verelst, and J. A. Sørensen, “Using Transfer Learning to Build PhysicsInformed Machine Learning Models for Improved Wind Farm Monitoring,” Energies, vol. 15, no. 2, p. 558, Jan. 2022. DOI: 10.3390/en15020558.   \n[16] J. Zgraggen, M. Ulmer, E. Jarlskog, G. Pizza, and L. Goren Huber, “Transfer Learning Approaches for Wind Turbine Fault Detection using Deep Learning,” PHM Society European Conference, vol. 6, no. 1, p. 12, Jun. 2021. DOI: 10.36001/phme.2021.v6i1.2835.   \n[17] S. Zhao, X. Yue, S. Zhang, et al., “A review of single-source deep unsupervised visual domain adaptation,” IEEE Transactions on Neural Networks and Learning Systems, vol. 33, no. 2, pp. 473–493, 2022. DOI: 10.1109/ TNNLS.2020.3028503.   \n[18] X. Jin, H. Wang, Z. Kong, Z. Xu, and W. Qiao, “Condition Monitoring of Wind Turbine Generators Based on SCADA Data and Feature Transfer Learning,” IEEE Access, vol. 11, pp. 9441–9450, 2023. DOI: 10.1109/ ACCESS.2023.3240306.   \n[19] N. Pattnaik, U. S. Vemula, K. Kumar, et al., “CycleGAN Based Unsupervised Domain Adaptation for Machine Fault Diagnosis,” in Proceedings of the 20th ACM Conference on Embedded Networked Sensor Systems, Boston Massachusetts: ACM, Nov. 2022, pp. 973–979. DOI: 10.1145/3560905.3568303.   \n[20] J.-Y. Zhu, T. Park, P. Isola, and A. A. Efros, “Unpaired image-to-image translation using cycle-consistent adversarial networks,” in Computer Vision (ICCV), 2017 IEEE International Conference on, 2017.   \n[21] Y. Ganin and V. Lempitsky, “Unsupervised Domain Adaptation by Backpropagation,” in Proceedings of the 32nd International Conference on Machine Learning, F. Bach and D. Blei, Eds., ser. Proceedings of Machine Learning Research, vol. 37, Lille, France: PMLR, Jul. 2015, pp. 1180–1189.   \n[22] B. Sun and K. Saenko, “Deep CORAL: Correlation Alignment for Deep Domain Adaptation,” in Computer Vision – ECCV 2016 Workshops, G. Hua and H. Jégou, Eds., vol. 9915, Cham: Springer International Publishing, 2016, pp. 443–450. DOI: 10.1007/978-3-319-49409-8_35.   \n[23] E. Tzeng, J. Hoffman, N. Zhang, K. Saenko, and T. Darrell, Deep Domain Confusion: Maximizing for Domain Invariance, 2014. DOI: 10.48550/ARXIV.1412.3474.   \n[24] X. Liu, C. Yoo, F. Xing, et al., “Deep unsupervised domain adaptation: A review of recent advances and perspectives,” APSIPA Transactions on Signal and Information Processing, vol. 11, no. 1, 2022.   \n[25] S. Zhao, X. Yue, S. Zhang, et al., “A Review of Single-Source Deep Unsupervised Visual Domain Adaptation,” IEEE Transactions on Neural Networks and Learning Systems, vol. 33, no. 2, pp. 473–493, 2022. DOI: 10.1109/ TNNLS.2020.3028503.   \n[26] M.-Y. Liu, T. Breuel, and J. Kautz, “Unsupervised image-to-image translation networks,” in Proceedings of the 31st International Conference on Neural Information Processing Systems, ser. NIPS’17, Long Beach, California, USA: Curran Associates Inc., 2017, pp. 700–708.   \n[27] J. A. Palladino, D. F. Slezak, and E. Ferrante, Unsupervised Domain Adaptation via CycleGAN for White Matter Hyperintensity Segmentation in Multicenter MR Images, 2020. DOI: 10.48550/ARXIV.2009.04985.   \n[28] T. Kaneko and H. Kameoka, “Cyclegan-vc: Non-parallel voice conversion using cycle-consistent adversarial networks,” in 2018 26th European Signal Processing Conference (EUSIPCO), 2018, pp. 2100–2104. DOI: 10.23919/EUSIPCO.2018.8553236.   \n[29] Y. Shi, X. Ying, and J. Yang, “Deep Unsupervised Domain Adaptation with Time Series Sensor Data: A Survey,” Sensors, vol. 22, no. 15, p. 5507, Jul. 2022. DOI: 10.3390/s22155507.   \n[30] P. Yan, A. Abdulkadir, P.-P. Luley, et al., “A Comprehensive Survey of Deep Transfer Learning for Anomaly Detection in Industrial Time Series: Methods, Applications, and Directions,” IEEE Access, vol. 12, pp. 3768– 3789, 2024. DOI: 10.1109/ACCESS.2023.3349132.   \n[31] R. Yue, G. Jiang, X. Jin, Q. He, and P. Xie, “Spatio-Temporal Feature Alignment Transfer Learning for CrossTurbine Blade Icing Detection of Wind Turbines,” IEEE Transactions on Instrumentation and Measurement, vol. 73, pp. 1–17, 2024. DOI: 10.1109/TIM.2024.3350147.   \n[32] X. Liu, H. Ma, and Y. Liu, “A Novel Transfer Learning Method Based on Conditional Variational Generative Adversarial Networks for Fault Diagnosis of Wind Turbine Gearboxes under Variable Working Conditions,” Sustainability, vol. 14, no. 9, p. 5441, Apr. 2022. DOI: 10.3390/su14095441.   \n[33] J. Chatterjee, M. T. Alvela Nieto, H. Gelbhardt, et al., “Domain-invariant icing detection on wind turbine rotor blades with generative artificial intelligence for deep transfer learning,” Environmental Data Science, vol. 2, e12, 2023. DOI: 10.1017/eds.2023.9.   \n[34] F. Luleci, F. Necati Catbas, and O. Avci, “CycleGAN for undamaged-to-damaged domain translation for structural health monitoring and damage detection,” Mechanical Systems and Signal Processing, vol. 197, p. 110 370, Aug. 2023. DOI: 10.1016/j.ymssp.2023.110370.   \n[35] A. Almahairi, S. Rajeshwar, A. Sordoni, P. Bachman, and A. Courville, “Augmented CycleGAN: Learning many-to-many mappings from unpaired data,” in Proceedings of the 35th International Conference on Machine Learning, J. Dy and A. Krause, Eds., ser. Proceedings of Machine Learning Research, vol. 80, PMLR, Oct. 2018, pp. 195–204. [Online]. Available: https://proceedings.mlr.press/v80/almahairi18a.html.   \n[36] C. McKinnon, K. Tartt, J. Carroll, A. McDonald, C. Plumley, and D. Ferguson, “Comparison of novel SCADA Data Cleaning Technique for Wind Turbine Electric Pitch System,” Journal of Physics: Conference Series, vol. 2151, no. 1, p. 012 005, Jan. 2022. DOI: 10.1088/1742-6596/2151/1/012005.   \n[37] P. Li, Y. Pei, and J. Li, “A comprehensive survey on design and application of autoencoder in deep learning,” Applied Soft Computing, vol. 138, p. 110 176, May 2023. DOI: 10.1016/j.asoc.2023.110176.   \n[38] S. Jonas, D. Anagnostos, B. Brodbeck, and A. Meyer, “Vibration Fault Detection in Wind Turbines Based on Normal Behaviour Models without Feature Engineering,” Energies, vol. 16, no. 4, p. 1760, Feb. 2023. DOI: 10.3390/en16041760.   \n[39] C. M. Roelofs, M.-A. Lutz, S. Faulstich, and S. Vogt, “Autoencoder-based anomaly root cause analysis for wind turbines,” Energy and AI, vol. 4, p. 100 065, Jun. 2021. DOI: 10.1016/j.egyai.2021.100065.   \n[40] N. Renström, P. Bangalore, and E. Highcock, “System-wide anomaly detection in wind turbines using deep autoencoders,” Renewable Energy, vol. 157, pp. 647–659, Sep. 2020. DOI: 10.1016/j.renene.2020.04.148.   \n[41] N. C. Schwertman, M. A. Owens, and R. Adnan, “A simple more general boxplot method for identifying outliers,” Computational Statistics & Data Analysis, vol. 47, no. 1, pp. 165–174, Aug. 2004. DOI: 10.1016/j.csda. 2003.10.012.   \n[42] J. Su, GAN-QP: A Novel GAN Framework without Gradient Vanishing and Lipschitz Constraint, 2018. DOI: 10.48550/ARXIV.1811.07296.   \n[43] Z. Li, M. Usman, R. Tao, et al., “A Systematic Survey of Regularization and Normalization in GANs,” ACM Computing Surveys, vol. 55, no. 11, pp. 1–37, Nov. 30, 2023. DOI: 10.1145/3569928.   \n[44] L. Liu, H. Jiang, P. He, et al., “On the variance of the adaptive learning rate and beyond,” in International Conference on Learning Representations, 2020. [Online]. Available: https://openreview.net/forum?id= rkgz2aEKDr.   \n[45] D. Misra, Mish: A Self Regularized Non-Monotonic Activation Function, 2020. DOI: 10.48550/arXiv.1908. 08681.   \n[46] Y. Wu and K. He, “Group normalization,” in Proceedings of the European Conference on Computer Vision (ECCV), Sep. 2018.   \n[47] S. Bai, J. Z. Kolter, and V. Koltun, An Empirical Evaluation of Generic Convolutional and Recurrent Networks for Sequence Modeling, 2018. DOI: 10.48550/ARXIV.1803.01271.   \n[48] Y. Yazıcı, C.-S. Foo, S. Winkler, K.-H. Yap, G. Piliouras, and V. Chandrasekhar, “The unusual effectiveness of averaging in GAN training,” in International Conference on Learning Representations, 2019. [Online]. Available: https://openreview.net/forum?id=SJgw_sRqFQ. ",
        "page_idx": 15
    },
    {
        "type": "text",
        "text": "",
        "page_idx": 16
    },
    {
        "type": "text",
        "text": "",
        "page_idx": 17
    },
    {
        "type": "text",
        "text": "Appendix A: Autoencoder-based NBM ",
        "text_level": 1,
        "page_idx": 18
    },
    {
        "type": "text",
        "text": "All our autoencoder-based NBMs follow the model specifications outlined in Table A1, based on a model architecture search on a randomly chosen WT. Each NBM was trained using the RAdam [44] optimizer with a learning rate of 0.003, minimizing the mean squared reconstruction error between model input and autoencoder reconstruction. The models were trained using a batch size of 128 SCADA samples. Training was stopped once the reconstruction error on the validation set stopped improved for several data scarcity-dependent epochs (250 for 2 weeks, 25 for full target data). ",
        "page_idx": 18
    },
    {
        "type": "table",
        "img_path": "images/8d28a14056410d9b4ae579e099bc57f8341f35f0e73e3ed5511ae5e7483a9b64.jpg",
        "table_caption": [
            "Table A1: Architecture of the autoencoder-based NBMs used in our study. "
        ],
        "table_footnote": [],
        "page_idx": 18
    },
    {
        "type": "text",
        "text": "Appendix B: Domain Mapping Network ",
        "text_level": 1,
        "page_idx": 19
    },
    {
        "type": "text",
        "text": "The used architecture for the domain mapping discriminators is outlined in Table A2. For the generators, we used a residual temporal convolutional network (TCN) approach [47]. Our non-causal architecture consists of several residual TCN blocks, kernel size, dilation, and normalization, depicted in Figure A1. The full generator is outlined in Table A3. ",
        "page_idx": 19
    },
    {
        "type": "table",
        "img_path": "images/903ce7909e87113f595e455d00a131563cd09a3ba63243a40f9bd76d1670538f.jpg",
        "table_caption": [
            "Table A2: Description of our discriminator model architecture. "
        ],
        "table_footnote": [],
        "page_idx": 19
    },
    {
        "type": "image",
        "img_path": "images/a070ea1b29e337ca40bb3618271bc1ec5c24a3b3009d07434b7213f82e30e1af.jpg",
        "img_caption": [
            "Figure A1: Structure of our TCN residual block, performing non-causal 1D convolutions with kernel size $k$ , dilation $d$ , and with $c$ channels. The final group normalization is optional when Norm is set. Based on [47]. "
        ],
        "img_footnote": [],
        "page_idx": 19
    },
    {
        "type": "table",
        "img_path": "images/c4d00fd48a84803163b07fcecd2af3a7bd784ca47ea391c8ff24a0147d5be687.jpg",
        "table_caption": [
            "Table A3: Description of our generator architecture using TCN-ResBlocks. "
        ],
        "table_footnote": [],
        "page_idx": 19
    },
    {
        "type": "text",
        "text": "GAN-QP. We follow the GAN-QP formulation to train our generators and discriminators. Let $G$ be a generator, $T$ a discriminator, $\\scriptstyle x_{r}$ a real sample and $x_{f}$ a fake sample (in our case, a mapped sample). The GAN-QP loss is defined as [42]: ",
        "page_idx": 20
    },
    {
        "type": "equation",
        "text": "$$\n\\begin{array}{l}{{T=\\underset{T}{\\operatorname{argmax}}\\ \\mathbb{E}_{(x_{r},x_{f})\\sim p(x_{r})q(x_{f})}\\left[T(x_{r})-T(x_{f})-\\frac{(T(x_{r})-T(x_{f}))^{2}}{2\\lambda_{Q P}d(x_{r},x_{f})}\\right]}}\\\\ {{G=\\underset{G}{\\operatorname{argmin}}\\ \\mathbb{E}_{(x_{r},x_{f})\\sim p(x_{r})q(x_{f})}\\left[T(x_{r})-T(x_{f})\\right]}}\\end{array}\n$$",
        "text_format": "latex",
        "page_idx": 20
    },
    {
        "type": "text",
        "text": "where in our study we use the Euclidean distance as $d$ and set $\\lambda_{Q P}=1$ . ",
        "page_idx": 20
    },
    {
        "type": "text",
        "text": "Training. Our domain mapping network was trained with a batch size of 128 using an Adam optimizer $\\beta_{1}=$ $0.5,\\beta_{2}=0.999$ , learning rate $=0.0002\\rangle$ for the generators and discriminators each. Early stopping was implemented to stop training at an optimal state and to prevent overfitting. We use a reconstruction error obtained from the source NBM, by mapping the target validation data to the source domain. As only normal data is used for training and validation, we expect the reconstruction error of mapped target-to-source data to be low, representing realistic source WT data familiar to the source NBM. A rising reconstruction error could indicate overfitting on training data and unrealistic sample generation, as the mapped validation data starts to resemble the source domain less. It should be noted that this value cannot be used for model selection and tuning, as it contains no information regarding the content preservation (e.g., mapping all target samples to the same normal source domain sample would result in a very low score). Training was stopped after 1000 batch iterations with no improvement of the early stopping score. Moreover, at evaluation time, we used an Exponential Moving Average (EMA) of the training weights for the generators, which improved training stability and performance (as investigated in [48]). ",
        "page_idx": 20
    },
    {
        "type": "text",
        "text": "Anomaly Augmentation. The domain mapping network is trained to translate normal SCADA data resulting in the model inherently learning only the mapping relationships of normal data. During test time, when anomalous samples can be introduced, it may therefore lead to unwanted behavior in the sense that the mapping might \"repair\" anomalies or cause inconsistent mappings. We therefore add artificially anomalous data to the training set by duplicating each sample from the training batches with a random modification, namely by setting a random part of the 12 hours (40 - $100\\%$ and channels of a random feature group (e.g., power) to zero. Further investigations are needed to determine more augmentation techniques. While we found this step to be critical for performance, adding a further random scaling augmentation did not improve results. ",
        "page_idx": 20
    },
    {
        "type": "text",
        "text": "Hyperparameters. A source-target WT domain pair was randomly selected to search for a model architecture and optimal hyperparameters. The target WT used for optimization (WT07) was subsequently excluded as possible target domain from the evaluation. We considered multiple candidates using a target domain scarcity of 1 month and evaluated the F1-score of the resulting threshold scores with ones from an NBM trained on the full representative target domain training data. The same architecture and hyperparameters were used for all other domain pairs, although it is questionable whether these remain optimal across different data scarcity degrees and domain shifts, i.e., different deviations between the source and target WT. Setting hyperparameters based on the domain distance is subject to future research. ",
        "page_idx": 20
    },
    {
        "type": "text",
        "text": "The resulting full training procedure is described in Algorithm 1. For more detailed specifications we refer to our provided implementation. ",
        "page_idx": 20
    },
    {
        "type": "text",
        "text": "Implementation. This work was implemented in PyTorch and trained using an NVIDIA GPU. Our code implementation is publicly available on GitHub https://github.com/EnergyWeatherAI/WT_Generative_Domain_ Adaptation. ",
        "page_idx": 20
    },
    {
        "type": "text",
        "text": "Algorithm 1 Domain mapping network training algorithm. ",
        "page_idx": 21
    },
    {
        "type": "table",
        "img_path": "images/742d9652825b41f9999f8dd1cae7d3fc50affc3216086c67baa7deda61ec1508.jpg",
        "table_caption": [],
        "table_footnote": [],
        "page_idx": 21
    },
    {
        "type": "text",
        "text": "Appendix C: Detailed Results ",
        "text_level": 1,
        "page_idx": 21
    },
    {
        "type": "table",
        "img_path": "images/e620bd98ddc20de38cbbe2a5df5c123636d18d06456b003c41e8186ea37cb7a2.jpg",
        "table_caption": [
            "Table A4: Detailed F1-scores (in $\\%$ ) for all 28 domain pairs "
        ],
        "table_footnote": [],
        "page_idx": 21
    },
    {
        "type": "text",
        "text": "Appendix D: WT Overview ",
        "text_level": 1,
        "page_idx": 22
    },
    {
        "type": "table",
        "img_path": "images/a3ab2986474a685678f3eb6b3ade893075e9f411d01ef4448cca8003f37ad773.jpg",
        "table_caption": [
            "Table A5: Data specifications of the 7 WTs used in our work. The number of days refers to the range between the day of the first sample and the day of the last sample, therefore including days where no (valid) measurements were taken. "
        ],
        "table_footnote": [],
        "page_idx": 22
    },
    {
        "type": "image",
        "img_path": "images/33a929e792ed4da94aea7cfadf6fe4a3a38b70846a2efe40be8c70d4d5362f82.jpg",
        "img_caption": [],
        "img_footnote": [],
        "page_idx": 22
    },
    {
        "type": "text",
        "text": "Figure A2: Scatter plots of the mean power, wind speed, and rotor temperature of a subset from filtered training samples illustrating the differences across all 7 WTs used in our experiments. ",
        "page_idx": 22
    },
    {
        "type": "text",
        "text": "Appendix E: Representative Training Data ",
        "text_level": 1,
        "page_idx": 23
    },
    {
        "type": "image",
        "img_path": "images/d54558bcc55121ab5baf16bf1870494cdaa0ac0d437e15478822f3067064b15e.jpg",
        "img_caption": [
            "Figure A3: Density 2D-histograms with SCADA data of WT01. The top row shows the relationship between the rotor temperature and the rotor speed for the full training data (left column), for a scarcity scenario of 2 weeks of training data (middle column), and the filtered test set without incidents (right column). The bottom row visualizes the respective relationships between the wind speed and the stator temperature. We observe a visually very high similarity between the histograms of the full training data and the test set, i.e., the full training data appears to be representative of the WT’s operational states. On the other hand, the histograms based on scarce training data show noticeable deviations to the test set data. For instance, a narrower range and less variability for low temperatures and low rotor and wind speeds. "
        ],
        "img_footnote": [],
        "page_idx": 23
    }
]