[
    {
        "type": "text",
        "text": "Embedding Empirical Distributions for Computing Optimal Transport Maps ",
        "text_level": 1,
        "page_idx": 0
    },
    {
        "type": "text",
        "text": "Mingchen Jiang2∗ Peng Xu3,4∗† Xichen $\\mathrm{Ye^{1}}$ Xiaohui Chen4 Yun Yang5 Yifan Chen1†   \n1 Hong Kong Baptist University 2 Institute of Science Tokyo 3 University of Illinois Urbana-Champaign   \n4 University of Southern California 5 University of Maryland, College Park ∗ Equal contribution. This work was performed while the first author was interning at Hong Kong Baptist University. † Correspondence to: Peng Xu 〈pengxu1 $@$ illinois.edu〉, Yifan Chen 〈yifanc@hkbu.edu.hk〉. ",
        "page_idx": 0
    },
    {
        "type": "text",
        "text": "Abstract ",
        "text_level": 1,
        "page_idx": 0
    },
    {
        "type": "text",
        "text": "Distributional data have become increasingly prominent in modern signal processing, highlighting the necessity of computing optimal transport (OT) maps across multiple probability distributions. Nevertheless, recent studies on neural OT methods predominantly focused on the efficient computation of a single map between two distributions. To address this challenge, we introduce a novel approach to learning transport maps for new empirical distributions. Specifically, we employ the transformer architecture to produce embeddings from distributional data of varying length; these embeddings are then fed into a hypernetwork to generate neural OT maps. Various numerical experiments were conducted to validate the embeddings and the generated OT maps. The model implementation and the code are provided on https://github.com/jiangmingchen/HOTET. ",
        "page_idx": 0
    },
    {
        "type": "text",
        "text": "I. INTRODUCTION ",
        "text_level": 1,
        "page_idx": 0
    },
    {
        "type": "text",
        "text": "Optimal transport (OT) theory [1] is a mathematical framework for finding the most efficient way (in the sense of minimizing a given cost function) to transport one probability distribution to another. When the quadratic cost is used, OT theory induces a metric space for probability measures, and the distance thereof is referred to as the 2-Wasserstein metric [2]. This notion provides a geometric view of distributions, and therefore makes OT an invaluable tool in information theory [3]–[6]. Furthermore, OT has already been used in many applications, such as flow-based diffusion models [7], [8], GANs [9], [10], style transfer [11], data embedding [12], [13], multilingual alignment [14], [15], domain adaptation [16], [17], and model compression [18]–[20]. ",
        "page_idx": 0
    },
    {
        "type": "text",
        "text": "Challenges. In many applications, transport maps between $n$ source distributions and a single target distribution are desired. For instance, in the Wasserstein embedding [12] scheme, input distributions are represented by the OT maps that link them to a reference distribution. Another example is the color transfer technique, where the color histogram of a reference image is transformed to match that of other images. To obtain OT maps in these settings, conventional approaches require the use of $2n$ neural networks to model the dual variables in the OT problem. If a new OT map is needed between a different source measure and the target measure, it must be computed from scratch. Computation of a single OT map is already challenging, and the difficulty increases considerably when seeking transport maps between numerous new source distributions and a single target distribution. ",
        "page_idx": 0
    },
    {
        "type": "text",
        "text": "Overview. To make the computation of multiple OT maps more efficient and generalizable, we propose a new paradigm (illustrated in the right panel of Figure 1) to learn the OT maps between multiple source distributions $\\mu_{1},\\ldots,\\mu_{n}$ and a single target distribution $\\nu$ . In short, samples from the source distributions are passed to a transformer-based module $\\mathcal{E}$ to produce embeddings in $\\mathbb{R}^{d}$ . These embeddings are then feed into hypernetworks $\\mathcal{F}$ and $\\mathcal{G}$ to generate parameters for the potential networks, whose gradients approximate the OT maps. During training, samples from $\\nu$ are passed to the potential networks for loss computation, which propagates $\\nu$ ’s information into $\\mathcal{F}$ and $\\mathcal{G}$ . Notably, no explicit embedding of $\\nu$ is required after the training is complete. ",
        "page_idx": 0
    },
    {
        "type": "text",
        "text": "We refer to the whole framework as the Hypernetworks for Optimal Transport with Embedding Transformers (HOTET). One notable strength of HOTET is that the embeddings of the input distributions in $\\mathbb{R}^{d}$ are directly obtained, which can then be used in downstream learning tasks. ",
        "page_idx": 0
    },
    {
        "type": "text",
        "text": "A. Related Works ",
        "text_level": 1,
        "page_idx": 0
    },
    {
        "type": "text",
        "text": "There are some works that use transformers to deal with OT problems, such as embedding empirical distributions into a latent space wherein Euclidean distances approximate OT distances [21], regularizing the training process [22], and neural network fusion [23]. And our focus is on generating transport maps without engaging in direct computation by using transformers. ",
        "page_idx": 0
    },
    {
        "type": "text",
        "text": "Generally speaking, the idea of generating transport maps without direct computation is not new, as it is closely related to distributional regression [24], [25]. Recent computational developments along this line include CONDOT [26], Meta OT [27], and GeONet [28]. ",
        "page_idx": 0
    },
    {
        "type": "image",
        "img_path": "images/041a5e6f340b0b1b420a4e5d78fb22494825140d99833c795ad1eb62418f9abb.jpg",
        "img_caption": [
            "Fig. 1: The network architectures for direct computation of OT maps (left), and for our proposed method of generating OT maps through hypernetworks (right). "
        ],
        "img_footnote": [],
        "page_idx": 1
    },
    {
        "type": "text",
        "text": "In more detail, CONDOT [26] proposed to estimate a family of OT maps conditioned on a context variable, which can then be generalized given new context; in Meta OT [27], amortized optimization was used to predict OT maps from the input measure. Unlike the previous two, GeONet [28] learned neural operators to generate the Wasserstein geodesics connecting the pair of input measures, which can be regarded as an extension to the aforementioned methods in the context of dynamic OT problem. However, this method falls out of the scope of neural OT learning, the focus of our project. ",
        "page_idx": 1
    },
    {
        "type": "text",
        "text": "We defer a more comprehensive comparison with existing methods to Appendix B-E. ",
        "page_idx": 1
    },
    {
        "type": "text",
        "text": "B. Our Contributions ",
        "text_level": 1,
        "page_idx": 1
    },
    {
        "type": "text",
        "text": "We summarize the contributions of this work as follows: ",
        "page_idx": 1
    },
    {
        "type": "text",
        "text": "• We proposed a new paradigm for learning neural OT maps and distribution embeddings for multiple distributions. • We employed existing benchmarks [29] and conducted various tasks to demonstrate the effectiveness of our design ",
        "page_idx": 1
    },
    {
        "type": "text",
        "text": "II. PRELIMINARIES ",
        "text_level": 1,
        "page_idx": 1
    },
    {
        "type": "text",
        "text": "We start the review with the necessary notations for OT in Section II-A. We then introduce ICNN, hypernetwork, and Transformer, in Section II-B. Moreover, a more comprehensive review, and the connection between attention and kernel estimators, are provided in Appendix B; building on these we propose to embed an empirical distribution (observation points with arbitrary sample weights) through a transformer in Section III-B, so as to generate embeddings for hypernetworks. Notations in this work are collected in Appendix C-A. ",
        "page_idx": 1
    },
    {
        "type": "text",
        "text": "A. Optimal Transport ",
        "text_level": 1,
        "page_idx": 2
    },
    {
        "type": "text",
        "text": "Optimal transport, as the name suggests, is an optimization problem. We will review its properties in this subsection. ",
        "page_idx": 2
    },
    {
        "type": "text",
        "text": "Monge’s problem. Let $\\mathcal{P}_{2}(\\mathbb{R}^{d})$ denote the set of probability measures over $\\mathbb{R}^{d}$ with finite second moments. Given $\\mu,\\nu\\in$ $\\mathcal{P}_{2}(\\mathbb{R}^{d})$ , Monge seeks a map $T$ that push forwards $\\mu$ to $\\nu$ while minimizing the transportation cost. With cost $c(x,y)=\\|x-y\\|_{2}^{2}$ , a metric $W_{2}$ on the space $\\mathscr{P}_{2}(\\Omega)$ is induced as ",
        "page_idx": 2
    },
    {
        "type": "equation",
        "text": "$$\nW_{2}^{2}(\\mu,\\nu):=\\operatorname*{inf}_{T_{\\#}\\mu=\\nu}\\int_{\\mathbb{R}^{d}}\\|T(x)-x\\|_{2}^{2}\\mathrm{d}\\mu(x),\n$$",
        "text_format": "latex",
        "page_idx": 2
    },
    {
        "type": "text",
        "text": "where $T_{\\#}\\mu=\\nu$ means that $\\nu(A)=\\mu{\\big(}T^{-1}(A){\\big)}$ for every Borel-measurable set $A\\subset\\mathbb{R}^{d}$ . ",
        "page_idx": 2
    },
    {
        "type": "text",
        "text": "Kantorovich’s relaxation. The constraint in (MP) is highly nonlinear, which makes the solution difficult to obtain. Thus, a linear programming relaxation of (MP), introduced by Kantorovich, is more commonly used in computation: ",
        "page_idx": 2
    },
    {
        "type": "equation",
        "text": "$$\nW_{2}^{2}(\\mu,\\nu):=\\operatorname*{inf}_{\\gamma\\in\\Pi(\\mu,\\nu)}\\int_{\\mathbb{R}^{d}\\times\\mathbb{R}^{d}}\\lVert x-y\\rVert_{2}^{2}\\mathrm{d}\\gamma(x,y).\n$$",
        "text_format": "latex",
        "page_idx": 2
    },
    {
        "type": "text",
        "text": "The constraint set $\\Pi(\\mu,\\nu)$ in (KR) is the set of couplings between $\\mu$ and $\\nu$ , i.e., probability measures $\\gamma\\in\\mathcal{P}(\\mathbb{R}^{d}\\times\\mathbb{R}^{d})$ that satisfy $(\\pi_{x})_{\\#}\\gamma=\\mu$ and $(\\pi_{y})_{\\#}\\gamma=\\nu$ , where $\\pi_{x}(x,y)=x$ , $\\pi_{y}(x,y)=y$ for all $(x,y)\\in\\mathbb{R}^{d}\\times\\mathbb{R}^{d}$ . ",
        "page_idx": 2
    },
    {
        "type": "text",
        "text": "Dual Formulation. The relaxation (KR) admits a dual problem [1, Thm. 1.3], which reads ",
        "page_idx": 2
    },
    {
        "type": "equation",
        "text": "$$\n\\begin{array}{r l}{\\displaystyle\\frac{1}{2}W_{2}^{2}(\\mu,\\nu)=\\operatorname*{sup}_{\\varphi,\\psi}}&{\\left\\{\\displaystyle\\int_{\\mathbb{R}^{d}}\\varphi\\mathrm{d}\\mu+\\int_{\\mathbb{R}^{d}}\\psi\\mathrm{d}\\nu\\right\\}}\\\\ {\\mathrm{s.t.~}}&{(\\varphi,\\psi)\\in L_{\\mu}^{1}\\times L_{\\nu}^{1}}\\\\ &{\\varphi(x)+\\psi(y)\\leq\\displaystyle\\frac{1}{2}\\|x-y\\|_{2}^{2}}\\end{array}\n$$",
        "text_format": "latex",
        "page_idx": 2
    },
    {
        "type": "text",
        "text": "The optimal solution for the dual exists [30, Prop. 1.11] and is known as Kantorovich potentials. ",
        "page_idx": 2
    },
    {
        "type": "text",
        "text": "The formulation (DP) and its extensions are adopted in multiple computational methods for their convenience. The conjugacy in the dual variables is typically enforced through regularization, cf. [29] for a comprehensive review. Once the optimal dual potentials $\\varphi^{*},\\psi^{*}$ are obtained, the OT map (whenever exists) can be recovered as $T^{*}(x)=\\nabla\\tilde{\\varphi}(x)$ , where $\\tilde{\\varphi}(x):=$ $\\|\\boldsymbol{x}\\|_{2}^{2}/2-\\varphi^{*}(\\boldsymbol{x})$ is a convex function. It follows that ",
        "page_idx": 2
    },
    {
        "type": "equation",
        "text": "$$\n(T^{*})^{-1}(y)=y-\\nabla\\psi^{*}(y).\n$$",
        "text_format": "latex",
        "page_idx": 2
    },
    {
        "type": "text",
        "text": "In other words, the OT map and its inverse can be obtained by differentiating the solutions of (DP) ",
        "page_idx": 2
    },
    {
        "type": "text",
        "text": "B. Neural Architectures ",
        "text_level": 1,
        "page_idx": 2
    },
    {
        "type": "text",
        "text": "We then introduce the neural components in learning. ",
        "page_idx": 2
    },
    {
        "type": "text",
        "text": "Input Convex Neural Networks [31, ICNN] are utilized for modeling the convex potential function $\\tilde{\\varphi}(\\cdot)$ in many neural OT implementations [29]. More details are deferred to Appendix B-A. ",
        "page_idx": 2
    },
    {
        "type": "text",
        "text": "Hypernetwork [32] is another component in our paradigm. Broadly speaking, hypernetwork refers to the neural network architecture designed to generate parameters for another neural network. Given a target network $f_{\\theta}$ , instead of directly learning parameters $\\theta$ from data as traditional learning, hypernetworks generate $\\theta$ as an output mapped from a certain context variable. This allows for more flexible and efficient learning, particularly in tasks with complex or varying structures. Hypernetworks have been used in tasks such as neural architecture search, meta-learning, and conditional generation [33]. ",
        "page_idx": 2
    },
    {
        "type": "text",
        "text": "Transformers [34], equipped with the attention modules, are primarily used in natural language processing (NLP) tasks. The attention modules in transformers follow the spirit of nonparametric methods and can address sequences of indefinite length. After removing the positional encoding for addressing sequences, transformers are proven universal approximators for set-to-set maps [35, Theorem 2], thus appropriate to handle empirical distributional data (a set of samples). A complete introduction to transformers are deferred to Appendix B-B. ",
        "page_idx": 2
    },
    {
        "type": "text",
        "text": "While the complexity of attention is quadratic, efficient GPU implementations, such as FlashAttention [36], [37], have dramatically accelerated the computation while maintaining a linear space complexity. Our proposed method has incorporated the open-shelf efficient implementations as well. ",
        "page_idx": 2
    },
    {
        "type": "text",
        "text": "III. HYPERNETWORKS FOR OPTIMAL TRANSPORT WITH EMBEDDING TRANSFORMERS ",
        "page_idx": 2
    },
    {
        "type": "text",
        "text": "In this section, we discuss several crucial aspects of HOTET, our proposed training paradigm. Due to space limit, implementation details are deferred to Appendix A-A. ",
        "page_idx": 2
    },
    {
        "type": "table",
        "img_path": "images/db2cca2b56ad7647ced72762c79c14e1d56b07c742453cf8bcf88f21c0077cdf.jpg",
        "table_caption": [
            "TABLE I: Performance of the constructed forward (fwd) and inverse (inv) transport maps ${\\cal{L}}^{2}$ -UVP $(\\%)$ as the metric). Lower implies the fitted map approximates the true OT map better. The standard deviation is calculated over 10 runs. "
        ],
        "table_footnote": [],
        "page_idx": 3
    },
    {
        "type": "text",
        "text": "A. Base OT solvers in HOTET ",
        "text_level": 1,
        "page_idx": 3
    },
    {
        "type": "text",
        "text": "Training the hypernetworks in HOTET requires a base OT solver to learn to generate neural networks that approximate true OT maps (though in principle the HOTET framework is agnostic to the choice of the base solver, provided it delivers accurate approximations). Mainstream OT solvers are mainly maximization-minimization-based, which are subject to divergence in training; for the numerical experiments in this work, we selected the base solver in use from two instances for numerical stability, referred to as MM-B and MMv2 in [29]. Both solvers utilize the dual OT formulation and ICNNs to approach the convex potentials $\\varphi$ and $\\psi$ , whose gradients serve as approximations of the OT maps. Usage of the solvers is discussed in Section IV-A, and detailed formulations / implementations for these solvers are provided in Appendix A-B. ",
        "page_idx": 3
    },
    {
        "type": "text",
        "text": "B. Embedding empirical distributions ",
        "text_level": 1,
        "page_idx": 3
    },
    {
        "type": "text",
        "text": "The key step in our training paradigm is to generate context embeddings from the input empirical distributions. We employ transformers in this task for several reasons: ",
        "page_idx": 3
    },
    {
        "type": "text",
        "text": "1) With the positional encoding removed, transformers are universal approximators for set-to-set maps [35, Thm. 2] and permutation invariant functions [38, Prop. 2], which match the characteristics of an empirical distribution. 2) Transformers are suitable for inputs with variable sizes, which is not well handled by previous methods [26], [27]. 3) The architecture of the transformer allows it to take the weights from the empirical distribution into consideration. This aspect is explored in Appendices B-C and B-D. ",
        "page_idx": 3
    },
    {
        "type": "text",
        "text": "A simplified process for HOTET to embed empirical distributions can be described as follows: a design matrix $X$ (the input empirical distribution) is passed to the $L$ blocks in our transformer embedding module; the first $L-1$ blocks follow a regular design in [34], which keeps the input sample dimension hd ( $h$ is the number of heads, see Appendix B-B); the MLP sub-layer in the last block lifts the hidden dimension to the one of the context vector. A mean-pooling of the output matrix produces the context vector, which is then fed into the hypernetworks to generate model parameters. ",
        "page_idx": 3
    },
    {
        "type": "text",
        "text": "C. HOTET for computing individual OT maps. ",
        "text_level": 1,
        "page_idx": 3
    },
    {
        "type": "text",
        "text": "To demonstrate the work flow of HOTET, we first discuss the computation of individual maps between two distributions with HOTET (though HOTET is suboptimal in this case). ",
        "page_idx": 3
    },
    {
        "type": "text",
        "text": "HOTET consists of three modules: the embedding network $\\mathcal{E}$ and two hypernetworks $\\mathcal{F},\\mathcal{G}$ . Given a pair of empirical distributions $\\mu,\\nu$ , the embedding network $\\mathcal{E}$ is applied to generate context vectors $\\mathcal{E}(\\mu),\\mathcal{E}(\\nu)$ as specified in Section III-B. The two hypernetworks $\\mathcal{F},\\mathcal{G}$ will then respectively take the context $\\mathcal{E}(\\mu),\\mathcal{E}(\\nu)$ as inputs, and produce parameters ",
        "page_idx": 3
    },
    {
        "type": "equation",
        "text": "$$\n\\begin{array}{r}{\\theta=\\mathcal{F}\\circ\\mathcal{E}(\\mu),\\quad\\omega=\\mathcal{G}\\circ\\mathcal{E}(\\nu),}\\end{array}\n$$",
        "text_format": "latex",
        "page_idx": 3
    },
    {
        "type": "text",
        "text": "for the two ICNNs $f_{\\theta}(\\cdot)$ and $g_{\\omega}(\\cdot)$ approximating the convex potentials. Afterwards, the potential networks are provided to the base OT solver, which concludes the entire forward pass. The resulting gradients of the forward pass are then used to update the three modules ( $\\mathcal{E}$ and ${\\mathcal{F}},{\\mathcal{G}})$ with backpropagation. ",
        "page_idx": 3
    },
    {
        "type": "text",
        "text": "As the parameter space for $\\theta,\\omega$ in HOTET is strictly smaller than in the original solver, there will be natural concerns about the representation power of HOTET. Shortly in Section IV-B, we compare HOTET with the MMv2 solver as a sanity check, under the same setting taken by [29]; we note the proposed framework still achieves a comparable performance in unfavorable settings. The details are provided in Appendix A-C. ",
        "page_idx": 3
    },
    {
        "type": "text",
        "text": "D. HOTET for computing multiple OT maps ",
        "text_level": 1,
        "page_idx": 3
    },
    {
        "type": "text",
        "text": "We then illustrate the desired scenario for HOTET where the source measures $\\mu_{1},\\ldots,\\mu_{n}$ (training set) and the reference measure $\\nu$ are already given and one aims to efficiently obtain the corresponding OT maps between a new $\\mu$ and the reference $\\nu$ . In training, instead of computing OT maps individually for the $n$ distribution pairs, HOTET generates the $2n$ sets of parameters for ICNNs together via $\\mathcal{F}$ and $\\mathcal{G}$ . To train the hypernetworks, loss from the base OT solver is computed for each $(\\mu_{i},\\nu)$ and subsequently aggregated together. ",
        "page_idx": 3
    },
    {
        "type": "table",
        "img_path": "images/6e7cd3c273df13bfa7393c0d5d9949e9aa7a3a18ce3bbf0607240d369bb5742e.jpg",
        "table_caption": [
            "TABLE II: Cosine similarity between $\\hat{T}$ and $T^{*}$ . The standard deviation is calculated over 10 runs. Best viewed zoom in. "
        ],
        "table_footnote": [],
        "page_idx": 4
    },
    {
        "type": "text",
        "text": "TABLE III: Performance of the constructed transport forward (fwd) and inverse (inv) maps in predicting OT maps ( ${\\mathcal{L}}^{2}$ -UVP (%) as the metric). The standard deviation is calculated over 10 runs. ",
        "page_idx": 4
    },
    {
        "type": "table",
        "img_path": "images/51133c01a93b97a75578e8cf042f4c4ed05f77447744f1bbf10e8b21ff89c9d5.jpg",
        "table_caption": [],
        "table_footnote": [],
        "page_idx": 4
    },
    {
        "type": "text",
        "text": "Since the reference measure $\\nu$ is fixed in the training and testing process, we take $\\mu_{i}$ as input to model both the forward map and the inverse map between $\\mu_{i}$ and $\\nu$ . That is, the parameters for the ICNNs $f_{\\theta_{i}}$ (resp. $g_{\\omega_{i}}$ ) are generated as $\\theta_{i}=\\mathcal{F}\\circ\\mathcal{E}(\\mu_{i})$ (resp. $\\omega_{i}=\\mathcal G\\circ\\mathcal E(\\mu_{i}),$ ) ",
        "page_idx": 4
    },
    {
        "type": "text",
        "text": "IV. NUMERICAL EXPERIMENTS ",
        "text_level": 1,
        "page_idx": 4
    },
    {
        "type": "text",
        "text": "We conducted various experiments to evaluate the performance of HOTET. The detailed experimental setups are discussed in Section IV-A. In particular, we perform a sanity check (Section IV-B) based on the benchmarks from [29] to exhibit the capability of our paradigm to generate quality transport map. This particular setting will be referred to as W2B hereinafter. Furthermore, we evaluated the prediction performance of our proposed training paradigm in Section IV-C, where we demonstrated that HOTET is capable of generating transport maps for unseen distributions after being trained on similar sample distributions (c.f. Section III-D). Lastly, we tested our model on images data through various applications in Section IV-D, and performed an ablation study on the embedding module in Section IV-E. ",
        "page_idx": 4
    },
    {
        "type": "text",
        "text": "A. Experiment Settings ",
        "text_level": 1,
        "page_idx": 4
    },
    {
        "type": "text",
        "text": "1) Choice of base OT solvers: While the theory foundation for OT is solid, the choice of a better solver for a specific task is an engineering problem. It is typical that in some cases the solvers will be hard to optimize: for example, the MMv2 solver tends to produce forward and inverse maps with large performance discrepancy, due to its asymmetric nature (detailed in Appendix A-B). When applicable, we compare the performance of the MM-B and MMv2 solver (see Appendix A-F), and report the results of the more stable one in the main text. ",
        "page_idx": 4
    },
    {
        "type": "text",
        "text": "2) W2B benchmark: The performance of numerous OT solvers are evaluated in [29] on Gaussian mixture distributions. The performance of an estimated transport map $\\hat{T}$ with respect to the ground truth $T^{*}$ is evaluated with the ${\\mathcal{L}}^{2}$ -Unexplained Variance Percentage (UVP) and Cosine Similarity (CS): ",
        "page_idx": 4
    },
    {
        "type": "equation",
        "text": "$$\n\\begin{array}{r l}&{{\\mathcal L}^{2}\\mathrm{-UVP}(\\hat{T}):=100\\cdot\\frac{\\Vert\\hat{T}-T^{*}\\Vert_{{\\mathcal L}^{2}(\\mu)}^{2}}{\\mathrm{Var}(\\nu)}\\%,}\\\\ &{\\mathrm{CS}(\\hat{T}):=\\frac{\\langle\\hat{T}-\\mathrm{id},\\nabla\\psi^{*}-\\mathrm{id}\\rangle_{{\\mathcal L}^{2}(\\mu)}}{\\Vert\\hat{T}-\\mathrm{id}\\Vert_{{\\mathcal L}^{2}(\\mu)}^{2}\\cdot\\Vert T^{*}-\\mathrm{id}\\Vert_{{\\mathcal L}^{2}(\\mu)}^{2}}.}\\end{array}\n$$",
        "text_format": "latex",
        "page_idx": 4
    },
    {
        "type": "text",
        "text": "We inherited these settings for our own comparisons. ",
        "page_idx": 4
    },
    {
        "type": "text",
        "text": "3) Predicting OT maps with HOTET: In this experiment, multiple Gaussian mixture distributions are generated with random means and covariance matrices. One distribution is designated as the reference, while the rest are divided into training and test sets. Distributions in the test set are used to assess the quality of the OT maps predicted by HOTET. ",
        "page_idx": 4
    },
    {
        "type": "text",
        "text": "4) Color transfer: To further explore the capabilities of HOTET, we conducted color transfer experiments on paintings from WikiArt. The experiments include transferring colors from one image to another, as well as transferring colors from multiple images to a single target image. ",
        "page_idx": 4
    },
    {
        "type": "image",
        "img_path": "images/6321f67980a845352dafdc9f287c30cc95f1f51ce8ecb8f648c0d6efe4d6b206.jpg",
        "img_caption": [
            "Fig. 2: Visualization of the transported data mapped via various methods. The ground truth data are shown in the top-left corner. For the other figures, the left (resp. right) subplots are generated by applying the forward maps $\\hat{T}$ (resp. inverse maps $\\hat{T}^{-1}$ ) to the corresponding ground truth data. "
        ],
        "img_footnote": [],
        "page_idx": 5
    },
    {
        "type": "text",
        "text": "B. W2B Benchmark ",
        "text_level": 1,
        "page_idx": 5
    },
    {
        "type": "text",
        "text": "We trained HOTET with the MM-B solver using the high-dimensional distribution dataset from W2B For the estimated forward and inverse transport maps, we examine the divergence between $\\nu$ and $\\hat{T}_{\\#}\\mu$ , as well as the one between $\\mu$ and, $\\hat{T}_{\\#}^{-1}\\nu$ which are visualized in Figure 2. To make the comparison fair, the architectures of the ICNNs used in all the methods are identical. ",
        "page_idx": 5
    },
    {
        "type": "text",
        "text": "The results are reported in Tables I and II, indicating that the transport maps generated by HOTET are comparable to those trained directly. This evidence validates that HOTET is able to generate quality transport maps. ",
        "page_idx": 5
    },
    {
        "type": "text",
        "text": "C. Predict OT Maps with HOTET ",
        "text_level": 1,
        "page_idx": 5
    },
    {
        "type": "text",
        "text": "We then evaluated the prediction performance of HOTET. In this experiment, Gaussian mixtures with three components, across multiple dimensions are generated, and each with different mean and covariance. One mixture $\\nu$ was chosen as the reference, while 500 others formed the training set. After fitting $500\\mathrm{OT}$ maps under HOTET, we then predicted the OT maps between $\\nu$ and 100 new Gaussian mixtures (we found that MMv2 performed better in this setting than MM-B). For comparison, Meta OT was also trained in the setting above. ",
        "page_idx": 5
    },
    {
        "type": "text",
        "text": "The results are summarized in Table III. The prediction performance of HOTET quickly exceeds baselines as the dimension increases, exhibiting the capability of HOTET to capture distribution embeddings. Due to space limit, evaluation on time efficiency is deferred to Appendix A-D. ",
        "page_idx": 5
    },
    {
        "type": "text",
        "text": "Key note: removal of the pretraining stage. [29] suggested a pre-training stage to turn the ICNN into an identity map, before the regular training procedure. This process is time-consuming and unnecessary given the recent advance in transfer learning; we followed [39] and initialized the weights $W_{h}\\sim{\\mathcal{N}}(0,0.1)$ in hypernetworks with a small variance. This way, we utilized the residual connection within ICNNs (with the tiny initial weights the ICNN already approaches an identity map) and thus can skip the pre-training stage. ",
        "page_idx": 5
    },
    {
        "type": "text",
        "text": "D. Color Transfer ",
        "text_level": 1,
        "page_idx": 5
    },
    {
        "type": "text",
        "text": "In this experiment, we used the OT map to transform the color histogram of an image to match that of another. The transport maps were constructed by interpreting the input RGB images as samples from their respective color distributions over the support $[0,1]^{3}$ . As before, we considered both one-to-one and many-to-one settings, employing the MM-B solver. ",
        "page_idx": 5
    },
    {
        "type": "text",
        "text": "One-to-one color transfer. Given two color histograms, $x$ and $y$ , we trained HOTET to generate OT maps $\\hat{T},\\hat{T}^{-1}$ . To obtain new images, we replaced the colors of individual pixels so that the resulting color histograms became $x_{\\mathrm{{trans}}}=\\hat{T}_{\\#}x$ and $y_{\\mathrm{trans}}=\\hat{T}_{\\#}^{-1}y$ , respectively. The results are shown in Figure 3. ",
        "page_idx": 5
    },
    {
        "type": "text",
        "text": "Multiple-to-one color transfer. Given a collection of color histograms $X=\\{x_{1},x_{2},...,x_{n}\\}$ and a reference histogram $y$ , we trained HOTET to generate simultaneously the forward transport maps $\\{\\hat{T}_{1},\\hat{T}_{2},\\hat{\\dots},\\hat{T}_{n}\\}$ and inverse maps $\\{\\hat{T}_{1}^{-1},\\hat{T}_{2}^{-1},\\dots,\\hat{T}_{n}^{-1}\\}$ ",
        "page_idx": 5
    },
    {
        "type": "image",
        "img_path": "images/059ddf2d8003f1ba9861313e0cb16756f94ade2c94ea90d7c1d7251facf7be50.jpg",
        "img_caption": [
            "Fig. 3: One-to-one color transfer using HOTET. "
        ],
        "img_footnote": [],
        "page_idx": 6
    },
    {
        "type": "image",
        "img_path": "images/ca3d8055e0013935b11d4954c7937230ac1b5bac7fa68419dde9c613abb14f58.jpg",
        "img_caption": [
            "Fig. 4: Multiple-to-one color transfer using HOTET. Showing both the training and in-context learning stages. "
        ],
        "img_footnote": [],
        "page_idx": 6
    },
    {
        "type": "text",
        "text": "The images with new color histograms, shown in the left panel of Figure 4, were generated in the same way as in the one-to-one etting. ",
        "page_idx": 6
    },
    {
        "type": "text",
        "text": "In-context learning. To further evaluate the generalization capacity of a trained HOTET, we followed the in-context learning setting in [27] and reused the trained HOTET model from the multiple-to-one setting to generate OT maps for previously unseen color histograms $x_{\\mathrm{{new}}}$ . Instead of a full training run (5000 iterations), we fine-tuned the HOTET on new images through only 50 warm-up steps. The results are presented in the right panel of Figure 4, demonstrating that the OT maps produced by short-term fine-tuning are visually comparable to those generated through complete training. ",
        "page_idx": 6
    },
    {
        "type": "text",
        "text": "E. Ablation Studies on the Distribution Embedding Module ",
        "text_level": 1,
        "page_idx": 6
    },
    {
        "type": "text",
        "text": "In this experiment, we removed the embedding module to investigate whether the overall performance would be impacted. We followed the setting in Section IV-C and the dimension is set at 64; the results are provided in Table IV. As expected, ",
        "page_idx": 6
    },
    {
        "type": "table",
        "img_path": "images/72a7e9da9bd0d1e29ff955b8db7d7f2d6fcb26b2184ea3255ef7f6eb46d7151b.jpg",
        "table_caption": [
            "TABLE IV: ${\\mathcal{L}}^{2}$ -UVP $(\\%)$ results of the two different methods for obtaining the forward and inverse transport maps. "
        ],
        "table_footnote": [],
        "page_idx": 7
    },
    {
        "type": "text",
        "text": "HOTET significantly outperforms the version without embedding, highlighting the importance of the embedding module in effectively capturing signals from empirical distributions. ",
        "page_idx": 7
    },
    {
        "type": "text",
        "text": "V. CONCLUSIONS AND LIMITATIONS ",
        "text_level": 1,
        "page_idx": 7
    },
    {
        "type": "text",
        "text": "In this paper, we recognize the increasing needs for computation of OT maps in modern signal processing, and propose a training paradigm HOTET to learn the OT maps between an unseen empirical distribution and a reference measure. In HOTET, information from the input distributions is extracted by a transformer, and then passed to a hypernetwork to generate the desired OT maps. Extensive experiments were conducted to demonstrate the efficacy of our new paradigm, showing that it is capable of producing quality OT maps. ",
        "page_idx": 7
    },
    {
        "type": "text",
        "text": "Limitations: Despite the efficacy of HOTET, it faces challenges in the many-to-many setting, where data are multiple i.i.d. distribution pairs $(\\mu_{i},\\nu_{i})$ . Further exploration is needed to address this complex scenario. ",
        "page_idx": 7
    },
    {
        "type": "text",
        "text": "VI. ACKNOWLEDGMENTS ",
        "text_level": 1,
        "page_idx": 7
    },
    {
        "type": "text",
        "text": "Mingchen Jiang was supported by the “R&D Hub Aimed at Ensuring Transparency and Reliability of Generative AI Models” project of the Ministry of Education, Culture, Sports, Science and Technology. ",
        "page_idx": 7
    },
    {
        "type": "text",
        "text": "REFERENCES ",
        "text_level": 1,
        "page_idx": 8
    },
    {
        "type": "text",
        "text": "[1] C. Villani, Topics in Optimal Transportation, ser. Graduate Studies in Mathematics. American Mathematical Society, 2003, vol. 58. [2] V. M. Panaretos and Y. Zemel, An invitation to statistics in Wasserstein space. Springer Nature, 2020. [3] Y. Polyanskiy and Y. Wu, “Wasserstein continuity of entropy and outer bounds for interference channels,” IEEE Transactions on Information Theory, vol. 62, no. 7, pp. 3992–4002, 2016. [4] Y. Cai and L.-H. Lim, “Distances between probability distributions of different dimensions,” IEEE Transactions on Information Theory, vol. 68, no. 6, pp. 4020–4031, 2022. [5] X. Cheng, J. Lu, Y. Tan, and Y. Xie, “Convergence of flow-based generative models via proximal gradient descent in wasserstein space,” IEEE Transactions on Information Theory, vol. 70, no. 11, pp. 8087–8106, 2024. [6] J. Fan and H.-G. Müller, “Conditional wasserstein barycenters and interpolation/extrapolation of distributions,” IEEE Transactions on Information Theory, pp. 1–1, 2024. [7] Y. Lipman, R. T. Q. Chen, H. Ben-Hamu, M. Nickel, and M. Le, “Flow matching for generative modeling,” in The Eleventh International Conference on Learning Representations, 2023. [8] X. Liu, C. Gong, and qiang liu, “Flow straight and fast: Learning to generate and transfer data with rectified flow,” in The Eleventh International Conference on Learning Representations, 2023. [9] T. Salimans, H. Zhang, A. Radford, and D. Metaxas, “Improving gans using optimal transport,” arXiv preprint arXiv:1803.05573, 2018. [10] T. Xu, L. K. Wenliang, M. Munn, and B. Acciaio, “Cot-gan: Generating sequential data via causal optimal transport,” Advances in neural information processing systems, vol. 33, pp. 8798–8809, 2020. [11] N. Kolkin, J. Salavon, and G. Shakhnarovich, “Style transfer by relaxed optimal transport and self-similarity,” in Proceedings of the IEEE/CVF Conference on Computer Vision and Pattern Recognition, 2019, pp. 10 051–10 060. [12] S. Kolouri, N. Naderializadeh, G. K. Rohde, and H. Hoffmann, “Wasserstein embedding for graph learning,” in International Conference on Learning Representations, 2021. [13] C. Moosmüller and A. Cloninger, “Linear optimal transport embedding: provable wasserstein classification for certain rigid transformations and perturbations,” Information and Inference: A Journal of the IMA, vol. 12, no. 1, pp. 363–389, 09 2022. [14] X. Lian, K. Jain, J. Truszkowski, P. Poupart, and Y. Yu, “Unsupervised multilingual alignment using wasserstein barycenter,” in Proceedings of the Twenty-Ninth International Conference on International Joint Conferences on Artificial Intelligence, 2021, pp. 3702–3708. [15] S. Alqahtani, G. Lalwani, Y. Zhang, S. Romeo, and S. Mansour, “Using optimal transport as alignment objective for fine-tuning multilingual contextualized embeddings,” arXiv preprint arXiv:2110.02887, 2021. [16] N. Courty, R. Flamary, and D. Tuia, “Domain adaptation with regularized optimal transport,” in Machine Learning and Knowledge Discovery in Databases: European Conference, ECML PKDD 2014, 2014. [17] N. Courty, R. Flamary, A. Habrard, and A. Rakotomamonjy, “Joint distribution optimal transportation for domain adaptation,” Advances in neural information processing systems, vol. 30, 2017. [18] S. P. Singh and M. Jaggi, “Model fusion via optimal transport,” Advances in Neural Information Processing Systems, vol. 33, pp. 22 045–22 055, 2020. [19] T. Wei, Z. Guo, Y. Chen, and J. He, “Ntk-approximating mlp fusion for efficient language model fine-tuning,” in International Conference on Machine Learning. PMLR, 2023, pp. 36 821–36 838. [20] M. Ai, T. Wei, Y. Chen, Z. Zeng, R. Zhao, G. Varatkar, B. D. Rouhani, X. Tang, H. Tong, and J. He, “Resmoe: Space-efficient compression of mixture of experts llms via residual restoration,” in 31st SIGKDD Conference on Knowledge Discovery and Data Mining - Research Track, 2025. [21] D. Haviv, R. Z. Kunes, T. Dougherty, C. Burdziak, T. Nawy, A. Gilbert, and D. Pe’Er, “Wasserstein wormhole: Scalable optimal transport distance with transformers,” ArXiv, pp. arXiv–2404, 2024. [22] K. Kan, X. Li, and S. Osher, “Ot-transformer: A continuous-time transformer architecture with optimal transport regularization,” arXiv preprint arXiv:2501.18793, 2025. [23] M. Imfeld, J. Graldi, M. Giordano, T. Hofmann, S. Anagnostidis, and S. P. Singh, “Transformer fusion with optimal transport,” 2024. [Online]. Available: https://arxiv.org/abs/2310.05719 [24] Z. L. Yaqing Chen and H.-G. Müller, “Wasserstein regression,” Journal of the American Statistical Association, vol. 118, no. 542, pp. 869–882, 2023. [25] N. Bonneel, G. Peyré, and M. Cuturi, “Wasserstein Barycentric Coordinates: Histogram Regression Using Optimal Transport,” ACM Transactions on Graphics, vol. 35, no. 4, pp. 71:1–71:10, 2016. [26] C. Bunne, A. Krause, and M. Cuturi, “Supervised training of conditional monge maps,” Advances in Neural Information Processing Systems, vol. 35, pp. 6859–6872, 2022. [27] B. Amos, S. Cohen, G. Luise, and I. Redko, “Meta optimal transport,” arXiv preprint arXiv:2206.05262, 2022. [28] A. Gracyk and X. Chen, “GeONet: a neural operator for learning the Wasserstein geodesic,” The Conference on Uncertainty in Artificial Intelligence (UAI), 2024. [29] A. Korotin, L. Li, A. Genevay, J. M. Solomon, A. Filippov, and E. Burnaev, “Do neural optimal transport solvers work? a continuous wasserstein-2 benchmark,” Advances in Neural Information Processing Systems, vol. 34, 2021. [30] F. Santambrogio, Optimal Transport for Applied Mathematicians. Birkhäuser Cham, 2015. [31] B. Amos, L. Xu, and J. Z. Kolter, “Input convex neural networks,” in International Conference on Machine Learning. PMLR, 2017, pp. 146–155. [32] D. Ha, A. M. Dai, and Q. V. Le, “Hypernetworks,” in International Conference on Learning Representations, 2017. [33] V. K. Chauhan, J. Zhou, P. Lu, S. Molaei, and D. A. Clifton, “A brief review of hypernetworks in deep learning,” 2023. [34] A. Vaswani, N. Shazeer, N. Parmar, J. Uszkoreit, L. Jones, A. N. Gomez, L. Kaiser, and I. Polosukhin, “Attention is all you need,” in Advances in Neural Information Processing Systems, 2017. [35] C. Yun, S. Bhojanapalli, A. S. Rawat, S. Reddi, and S. Kumar, “Are transformers universal approximators of sequence-to-sequence functions?” in International Conference on Learning Representations, 2020. [36] T. Dao, D. Y. Fu, S. Ermon, A. Rudra, and C. Ré, “FlashAttention: Fast and memory-efficient exact attention with IO-awareness,” in Advances in Neural Information Processing Systems, 2022. [37] T. Dao, “FlashAttention-2: Faster attention with better parallelism and work partitioning,” 2023, technical Report. [38] J. Lee, Y. Lee, J. Kim, A. Kosiorek, S. Choi, and Y. W. Teh, “Set transformer: A framework for attention-based permutation-invariant neural networks,” in International conference on machine learning. PMLR, 2019, pp. 3744–3753. [39] N. Houlsby, A. Giurgiu, S. Jastrzebski, B. Morrone, Q. De Laroussilhe, A. Gesmundo, M. Attariyan, and S. Gelly, “Parameter-efficient transfer learning for nlp,” in International conference on machine learning. PMLR, 2019, pp. 2790–2799. [40] A. Mallasto, J. Frellsen, W. Boomsma, and A. Feragen, “(q, p)-wasserstein gans: Comparing ground metrics for wasserstein gans,” arXiv preprint arXiv:1902.03642, 2019. [41] A. Makkuva, A. Taghvaei, S. Oh, and J. Lee, “Optimal transport mapping via input convex neural networks,” in Proceedings of the 37th International Conference on Machine Learning. PMLR, 2020. [42] A. Korotin, V. Egiazarian, A. Asadulaev, A. Safin, and E. Burnaev, “Wasserstein-2 generative networks,” in International Conference on Learning Representations, 2021. [43] R. T. Rockafellar, Convex Analysis. Princeton University Press, 1970. ",
        "page_idx": 8
    },
    {
        "type": "text",
        "text": "[44] Y. LeCun, L. Bottou, Y. Bengio, and P. Haffner, “Gradient-based learning applied to document recognition,” Proceedings of the IEEE, vol. 86, no. 11, pp. 2278–2324, 1998.   \n[45] D. P. Kingma and M. Welling, “Auto-encoding variational bayes,” arXiv preprint arXiv:1312.6114, 2013.   \n[46] X. L. Li and P. Liang, “Prefix-tuning: Optimizing continuous prompts for generation,” in Proceedings of the 59th Annual Meeting of the Association for Computational Linguistics and the 11th International Joint Conference on Natural Language Processing (Volume 1: Long Papers). Online: Association for Computational Linguistics, Aug. 2021, pp. 4582–4597.   \n[47] K. M. Choromanski, V. Likhosherstov, D. Dohan, X. Song, A. Gane, T. Sarlos, P. Hawkins, J. Q. Davis, A. Mohiuddin, L. Kaiser, D. B. Belanger, L. J. Colwell, and A. Weller, “Rethinking attention with performers,” in International Conference on Machine Learning. PMLR, 2021.   \n[48] Y. Chen, Q. Zeng, H. Ji, and Y. Yang, “Skyformer: Remodel self-attention with gaussian kernel and nyström method,” Advances in Neural Information Processing Systems, vol. 34, pp. 2122–2135, 2021.   \n[49] L. Wasserman, All of Nonparametric Statistics. Springer New York, 2006. ",
        "page_idx": 9
    },
    {
        "type": "text",
        "text": "Appendix to “Embedding Empirical Distributions for Computing Optimal Transport Maps” ",
        "text_level": 1,
        "page_idx": 10
    },
    {
        "type": "text",
        "text": "APPENDIX A MORE ON EXPERIMENTS ",
        "page_idx": 10
    },
    {
        "type": "text",
        "text": "A. Implementation details and discussions ",
        "text_level": 1,
        "page_idx": 10
    },
    {
        "type": "text",
        "text": "Despite the theoretical results for OT, there are a few numerical issues in implementing the HOTET framework, which significantly impact the empirical performance without proper practical adaptation. ",
        "page_idx": 10
    },
    {
        "type": "text",
        "text": "1) Asymmetry in computing multiple OT maps w.r.t. one reference measure: In the setting of Section III-D, the roles of the two hypernetworks differ: the hypernetwork $\\mathcal{G}$ for inverse maps still depends on $\\mu_{i}$ ’s, and is expected to precisely transport the single reference measure $\\nu$ onto different destinations. Due to the inherent asymmetry in the MMv2 solver, practically the forward maps $\\varphi_{i}$ usually show superior performance over the inverse ones. ",
        "page_idx": 10
    },
    {
        "type": "text",
        "text": "We take the special characteristics into consideration when devising the implementation of HOTET. Specifically, for the OT maps required in downstream applications, such as Wasserstein embedding or color transfer, we suggest setting them as the forward maps, to obtain high-quality neural maps. ",
        "page_idx": 10
    },
    {
        "type": "text",
        "text": "2) Restriction on parameters of ICNN: Recall from Section II-B that the parameters of certain weight matrices in Equation (B.1) must remain non-negative. To enforce this restriction, we adopt projected gradient descent and formally apply and additional ReLU activation to the selected outputs of the hypernetwork; other alternatives, such as Softplus, are evaluated while we found ReLU is numerically the most stable choice. ",
        "page_idx": 10
    },
    {
        "type": "text",
        "text": "B. Implementation of the Base OT Solvers ",
        "text_level": 1,
        "page_idx": 10
    },
    {
        "type": "text",
        "text": "In this work, we considered two base OT solvers: MM-B [40] MMv2 [41]. Both solvers are proven to perform reasonably well via benchmarking [29]. ",
        "page_idx": 10
    },
    {
        "type": "text",
        "text": "a) MM-B Solver: The MM-B solver is built upon a reformulation [1, Thm. 2.9] of the dual problem (DP). By dropping the constant terms, the problem reduces to an equivalent formulation [42, Eqn. 5]: ",
        "page_idx": 10
    },
    {
        "type": "equation",
        "text": "$$\n\\operatorname*{min}_{\\varphi\\in\\mathcal C}\\left\\{\\int\\varphi(x)d\\mu(x)+\\int\\varphi^{\\dagger}(y)\\mathrm{d}\\nu(y)\\right\\},\\qquad\\varphi^{\\dagger}(y):=\\operatorname*{sup}_{x\\in\\mathbb R^{d}}\\left\\{\\langle x,y\\rangle-\\varphi(x)\\right\\}.\n$$",
        "text_format": "latex",
        "page_idx": 10
    },
    {
        "type": "text",
        "text": "where $\\varphi^{\\dagger}$ is the Fenchel conjugate [43] of $\\varphi$ , and $\\mathcal{C}$ denotes the class of convex functions. The main challenge in computing $\\varphi^{\\dagger}$ lies in finding $x(y)$ that achieves the maximum for each $y$ on the support of $\\nu$ . The MM-B solver simplifies this process by addressing the inner problem only on minibatches sampled from $\\mu$ and $\\nu$ . Specifically, let $f_{\\theta}$ be an ICNN, the MM-B solver, as implemented by [29], optimize $\\theta$ as follows: given minibatches $X\\sim\\mu$ and $Y\\sim\\nu$ of size $B$ , the loss function to be minimized is computed as ",
        "page_idx": 10
    },
    {
        "type": "equation",
        "text": "$$\nL(\\theta)=\\frac{1}{B}\\sum_{j=1}^{B}f_{\\theta}(X_{j})-f_{\\theta}\\big(X_{i(j)}\\big),\\qquadi(j):=\\underset{i\\in[B]}{\\arg\\operatorname*{max}}\\langle X_{i},Y_{j}\\rangle-f_{\\theta}(X_{i}).\n$$",
        "text_format": "latex",
        "page_idx": 10
    },
    {
        "type": "text",
        "text": "Although this approach produces a biased solution, it significantly accelerates computation. ",
        "page_idx": 10
    },
    {
        "type": "text",
        "text": "To solve for $\\varphi$ and its conjugate simultaneously, the loss function can be symmetrized as ",
        "page_idx": 10
    },
    {
        "type": "equation",
        "text": "$$\nL(\\theta,\\omega)=L(\\theta)+\\left(\\frac{1}{B}\\sum_{j=1}^{B}g_{\\omega}(Y_{j})-g_{\\omega}\\big(Y_{k(j)}\\big)\\right),\\qquadk(j):=\\underset{k\\in[B]}{\\arg\\operatorname*{max}}\\langle Y_{k},X_{j}\\rangle-g_{\\omega}\\big(Y_{k}\\big).\n$$",
        "text_format": "latex",
        "page_idx": 10
    },
    {
        "type": "text",
        "text": "where $g_{\\omega}$ is an ICNN that approximates the conjugate of $f_{\\theta}$ . ",
        "page_idx": 11
    },
    {
        "type": "text",
        "text": "b) MMv2 Solver: The MMv2 solver, on the other hand, is based on the reformulation [41, Thm. 3.3] ",
        "page_idx": 11
    },
    {
        "type": "equation",
        "text": "$$\n\\operatorname*{min}_{\\varphi\\in\\mathcal C}\\int\\varphi(x)d\\mu(x)+\\int\\operatorname*{max}_{\\psi\\in\\mathcal C}\\left\\{\\langle\\nabla\\psi(y),y\\rangle-\\varphi\\circ\\nabla\\psi(y)\\right\\}\\mathrm{d}\\nu(y).\n$$",
        "text_format": "latex",
        "page_idx": 11
    },
    {
        "type": "text",
        "text": "To compute the OT map, potentials $\\varphi$ and $\\psi$ are approximated by ICNNs $f_{\\theta}$ and $g_{\\omega}$ , respectively. The parameters $\\theta$ and $\\omega$ are updated in an alternating fashion. For the inner problem, $\\omega$ is updated through maximizing ",
        "page_idx": 11
    },
    {
        "type": "equation",
        "text": "$$\nL(\\omega)=\\frac{1}{B}\\sum_{i=1}^{B}\\langle\\nabla g_{\\omega}(Y_{i}),Y_{i}\\rangle-f_{\\theta}\\circ\\nabla g_{\\omega}(Y_{i})\n$$",
        "text_format": "latex",
        "page_idx": 11
    },
    {
        "type": "text",
        "text": "via SGD, with multiple iterations performed to ensure convergence. Afterward, $\\theta$ is updated by minimizing ",
        "page_idx": 11
    },
    {
        "type": "equation",
        "text": "$$\nL(\\theta)=\\frac{1}{B}\\sum_{i=1}^{B}f_{\\theta}(X_{i})-f_{\\theta}\\circ\\nabla g_{\\omega}(Y_{i}).\n$$",
        "text_format": "latex",
        "page_idx": 11
    },
    {
        "type": "text",
        "text": "This procedure is repeated until both $\\theta$ and $\\omega$ converge to near-optimal values. ",
        "page_idx": 11
    },
    {
        "type": "text",
        "text": "C. Pseudocode for Network Training ",
        "text_level": 1,
        "page_idx": 11
    },
    {
        "type": "text",
        "text": "Algorithm 1 outlines the training process for HOTET using the MM-B solver. Here, $\\mathcal{X}:=\\{X_{i}\\}_{i=0}^{n}$ represents the set of distributions, and $Y$ is the reference distribution. In the case where $\\chi$ contains only a single distribution, it reduces to a classical one-to-one OT problem. For scenarios where $n>1$ (e.g. OT maps prediction), a batch of distributions, with size $B\\leq n$ , is sampled from $\\mathcal{X}$ . Then, from each sampled distribution and the reference $y$ , batches of size $b$ are drawn for evaluating the individual OT losses. The networks $f_{\\theta}$ and $g_{\\omega}$ are ICNNs that parameterize the convex dual potentials. The hypernetworks $\\mathcal{F}$ and $\\mathcal{G}$ generate the parameters for these potential networks, while $\\mathcal{E}$ serving as the embedding module. The variable $K$ denotes the total number of training iterations. ",
        "page_idx": 11
    },
    {
        "type": "table",
        "img_path": "images/5c72aeb9b9384397699fce19d565ecc4888ce8974727e07325c29c50f8b45500.jpg",
        "table_caption": [
            "TABLE V: Time cost (sec) of training different models. The batch sizes in the 32/64 dimensional settings are 256, and in other settings are 1024. The GPU is a single Nvidia RTX 4090. "
        ],
        "table_footnote": [],
        "page_idx": 11
    },
    {
        "type": "text",
        "text": "D. Runtime analysis ",
        "text_level": 1,
        "page_idx": 11
    },
    {
        "type": "text",
        "text": "We further assessed the time efficiency of HOTET, MetaOT, and repeating MMv2 solver in an 8-dimensional setting. The results in Table V showed that HOTET performs similarly to MetaOT. However, training networks with MMv2 solver directly is more time-consuming, as it requires training each distribution pair individually 500 times in this setting. Meanwhile, a direct MMv2 solver does not have prediction capabilities, as the potentials of the trained networks only represents the transport maps between the two input distributions. ",
        "page_idx": 11
    },
    {
        "type": "text",
        "text": "E. Additional Experiment Results ",
        "text_level": 1,
        "page_idx": 11
    },
    {
        "type": "text",
        "text": "Figures 5 and 6 present OT maps learned in the W2B experiment (Section IV-B) with $d=4$ and $d=8$ . The results are projected onto the first 2 principal directions for visualization. ",
        "page_idx": 11
    },
    {
        "type": "text",
        "text": "1: procedure TRAINMODEL $(\\mathcal{X},Y,f_{\\theta},g_{\\omega},\\mathcal{F},\\mathcal{G},\\mathcal{E})$   \n2: Initialize the parameters of each module   \n3: for $\\operatorname{t}=1,\\dots,K$ do   \n4: Sample batch $\\mathcal{X}_{\\mathrm{batch}}$ of size $\\mathtt{B}$ from $\\chi$ .   \n5: $\\mathcal{L}\\leftarrow0$   \n6: for $\\mathrm{i}=1,\\ldots,\\mathtt{B}$ do   \n7: Sample batches $\\mathbf{\\boldsymbol{x}}$ , y of size $b$ from $X_{i},Y$ , respectively   \n8: $\\mathsf{e m b e d d i n g\\_x}\\gets\\mathcal{E}(\\mathrm{x})$   \n9: embeddin $\\mathsf{\\Omega}\\mathfrak{g\\mathrm{\\Omega}}_{-\\mathrm{Y}}\\leftarrow\\mathcal{E}(\\mathrm{y})$   \n10: $\\begin{array}{r l}&{\\mathcal{L}_{x y}\\gets\\mathrm{CoMPUTELOssFoRWARD}(\\mathrm{x},\\mathrm{y},\\mathcal{F},\\mathrm{embedding\\_x})}\\\\ &{\\mathcal{L}_{y x}\\gets\\mathrm{CoMPUTELOssINVERSE}(\\mathrm{y},\\mathrm{x},\\mathcal{G},\\mathrm{embedding\\_y})}\\\\ &{\\mathcal{L}\\gets\\mathcal{L}+(\\mathcal{L}_{x y}+\\mathcal{L}_{y x})/(2\\cdot\\mathrm{B})}\\end{array}$   \n11:   \n12:   \n13: end for   \n14: Update model $\\varepsilon,\\mathcal{F},\\mathcal{G}$ according to $\\mathcal{L}$   \n15: end for   \n16: end procedure   \n17:   \n18: function COMPUTELOSSFORWARD $(\\mathrm{x},\\mathrm{y},\\mathcal{F}$ , embedding_x)   \n19: $\\theta\\gets\\mathscr{F}(\\mathrm{embedding\\_x})$   \n20: $\\mathrm{{x}}\\_{\\mathrm{{push}}}\\gets\\nabla f(\\mathrm{{x}}\\mid\\theta)$   \n21: $\\mathrm{{xy}\\gets\\langle{x,y}\\rangle}$   \n22: idx_y ← argmax(xy − x_push, dim = 0)   \n23: y_push ← x[idx_y]   \n24: W_loss_xy $\\leftarrow$ mean(x_push f(y_push θ))   \n25: end function   \n26:   \n27: function COMPUTELOSSINVERSE $(\\boldsymbol{\\mathrm{y}},\\boldsymbol{\\mathrm{x}},\\mathcal{G}$ , embedding_y)   \n28: $\\begin{array}{r l}&{\\omega\\leftarrow\\mathcal{G}(\\mathtt{e m b e d d i n g\\_y})}\\\\ &{\\mathrm{y\\_push}\\leftarrow\\nabla g(\\mathrm{y}\\mid\\omega)}\\\\ &{\\mathrm{yx}\\leftarrow\\langle\\mathrm{y},\\mathrm{x}\\rangle}\\\\ &{\\mathrm{idx\\_x}\\leftarrow\\mathrm{argmax}(\\mathrm{yx}-\\mathrm{y\\_push},\\mathrm{dim}=0)}\\\\ &{\\mathrm{x\\_push}\\leftarrow\\mathrm{y\\_tidx\\_x}]}\\\\ &{\\mathrm{w\\_\\_}\\mathrm{\\textnormal{oss\\_px}\\leftarrow m e a n}(\\mathrm{y\\_push}-\\nabla g(\\mathrm{x\\_push}\\mid\\omega))}\\end{array}$   \n29:   \n30:   \n31:   \n32:   \n33: ",
        "page_idx": 12
    },
    {
        "type": "table",
        "img_path": "images/331ff53535f99f38ba8aab8929be74829ae2b0881d6a9cc5d44f09d8b8280450.jpg",
        "table_caption": [
            "TABLE VI: Performance of the constructed forward (fwd) and inverse (inv) transport maps by MM-B and MMv2 solvers in W2B benchmark ( ${\\mathcal{L}}^{2}$ -UVP $(\\%)$ as the metric). Lower implies the fitted map approximates the true OT map better. "
        ],
        "table_footnote": [
            "34: end function "
        ],
        "page_idx": 12
    },
    {
        "type": "text",
        "text": "F. Choosing the Solvers ",
        "text_level": 1,
        "page_idx": 12
    },
    {
        "type": "text",
        "text": "MM-B and MMv2 perform differently in the experiment settings in Section IV-B and Section IV-C, the details are in Table VI and Table VII. Therefore, we choose the better performed one in our main paper. ",
        "page_idx": 12
    },
    {
        "type": "text",
        "text": "G. Validating the Embedding Module with the MNIST Dataset ",
        "text_level": 1,
        "page_idx": 12
    },
    {
        "type": "text",
        "text": "In this experiment, we examined the embeddings produced by the embedding module $\\mathcal{E}$ from a HOTET trained on the MNIST [44] handwritten digits dataset. We selected 6000 images from the training set (600 per digit), and then trained a ",
        "page_idx": 12
    },
    {
        "type": "image",
        "img_path": "images/8975d35bd38eb941d9e8cd37e179128390111b1f4bb2c318a8dca2d8b48d7077.jpg",
        "img_caption": [
            "Fig. 5: Samples generated by the forward and inverse maps in $d=4$ , compared with ground truth input distributions. "
        ],
        "img_footnote": [],
        "page_idx": 13
    },
    {
        "type": "image",
        "img_path": "images/3adfe3a989bce6f4dcb04e727f5ea3492221eb1320987ff7927c6811018813c4.jpg",
        "img_caption": [
            "Fig. 6: Samples generated by the forward and inverse maps in $d=8$ , compared with ground truth input distributions. "
        ],
        "img_footnote": [],
        "page_idx": 13
    },
    {
        "type": "text",
        "text": "VAE [45] to map them to 6000 3-dimensional latent distributions. Next, we trained a HOTET with embedding dimension $d=128$ to learn OT maps between the latent distributions and the reference measures $N(\\mathbf{0},I_{3})$ . Afterwards, we visualized ",
        "page_idx": 13
    },
    {
        "type": "table",
        "img_path": "images/a2649fc0f01a0c61f0d6468999aaa24c6449e9796d984750a2f88f30beb0b862.jpg",
        "table_caption": [
            "TABLE VII: Performance of the constructed forward (fwd) and inverse (inv) transport maps by MM-B and MMv2 solvers in predicting OT maps setting ${\\textstyle\\mathcal{L}}^{2}$ -UVP $(\\%)$ as the metric). Lower implies the fitted map approximates the true OT map better. "
        ],
        "table_footnote": [],
        "page_idx": 14
    },
    {
        "type": "text",
        "text": "the training set embeddings using $t$ -SNE to assess whether the embedding module effectively captured the information from the original images. The result is showed in Figure 7. ",
        "page_idx": 14
    },
    {
        "type": "text",
        "text": "H. Figure Result of Individual OT Maps ",
        "page_idx": 14
    },
    {
        "type": "image",
        "img_path": "images/fba1ce1c6cda02357cd985b92a7851a8dae21d0e18d4e45ec5c082eb7387e858.jpg",
        "img_caption": [
            "Fig. 7: A $t$ -SNE visualization of the 128-dimensional vectors produced by the embedding module for MNIST, with the true labels used to color the points. The embeddings of the same digit clearly clustered together, indicating that the embedding module effectively preserved the information from the original images. "
        ],
        "img_footnote": [],
        "page_idx": 14
    },
    {
        "type": "text",
        "text": "APPENDIX B ",
        "text_level": 1,
        "page_idx": 14
    },
    {
        "type": "text",
        "text": "USEFUL FACTS ",
        "page_idx": 14
    },
    {
        "type": "text",
        "text": "A. ICNN ",
        "text_level": 1,
        "page_idx": 14
    },
    {
        "type": "text",
        "text": "The fully connected ICNN is a feed-forward neural network whose intermittent layer $z_{\\ell}$ is the activation of the linear transformation of the previous layer, plus the affine transformation of the input $z_{0}:=x$ . In other words, for $\\ell\\in\\{1,\\ldots,L\\}$ , ",
        "page_idx": 14
    },
    {
        "type": "equation",
        "text": "$$\nz_{\\ell}:=\\sigma_{\\ell}(A_{\\ell-1}z_{\\ell-1}+W_{\\ell-1}x+b_{\\ell-1}),\n$$",
        "text_format": "latex",
        "page_idx": 14
    },
    {
        "type": "text",
        "text": "where $A$ is a non-negative matrix, $W,b$ are regular unrestricted weight matrix and bias vector, and $\\sigma$ is a convex and nondecreasing activation function. The final ICNN output is $\\tilde{\\varphi}(x)=z_{L}$ for some pre-specified $L\\geq1$ . ",
        "page_idx": 15
    },
    {
        "type": "text",
        "text": "The structure of ICNN is justified by the following facts: ",
        "page_idx": 15
    },
    {
        "type": "text",
        "text": "The composition of a convex and non-decreasing function and a convex function is convex.   \nThe composition of a convex function and an affine function is convex.   \nThe non-negative sum of convex functions is also convex. ",
        "page_idx": 15
    },
    {
        "type": "text",
        "text": "B. Transformer ",
        "text_level": 1,
        "page_idx": 15
    },
    {
        "type": "text",
        "text": "Transformers [34] are a type of neural network architecture primarily used in natural language processing (NLP) tasks. They are composed by $L$ stacked layers, where each layer comprises of a multi-headed attention and a fully connected feed-forward network (FFN) sub-layer. The attention sub-layer, assuming $h$ heads and dimension size $d$ for each head, first maps an input $X\\in\\mathbb{R}^{n\\times h d}$ into the query $(Q)$ , key $(K)$ , and value $(V)$ matrices through the following affine transformations: ",
        "page_idx": 15
    },
    {
        "type": "equation",
        "text": "$$\nQ/K/V=X W_{[q/k/v]}+\\mathbf{1}b_{[q/k/v]}^{\\top},\n$$",
        "text_format": "latex",
        "page_idx": 15
    },
    {
        "type": "text",
        "text": "where $Q,K,V\\in\\mathbb{R}^{n\\times h p}$ , $W_{q},W_{k},W_{v}$ are $h d\\times h d$ weight matrices, and $b_{q},b_{k},b_{v}\\in\\mathbb{R}^{N_{h}p}$ are the bias terms 1. After the transformation, the three components $Q,K,V$ are split into $h$ blocks corresponding to different heads. For example, $Q$ is re-written as $Q=(Q^{(1)},\\dots,Q^{(N_{h})})$ , where each block $Q^{(h)}=X W_{q}^{(h)}+1(b_{q}^{(h)})^{T}$ is an $n\\times p$ matrix, and $W_{q}^{(h)},b_{q}^{(h)}$ are the corresponding parts in $W_{q},b_{q}$ . The attention output for the $h^{t h}$ head is then computed as: ",
        "page_idx": 15
    },
    {
        "type": "equation",
        "text": "$$\n\\pmb{L}^{(h)}\\pmb{V}^{(h)}:=\\mathrm{softmax}(\\pmb{Q}^{(h)}(\\pmb{K}^{(h)})^{T}/\\sqrt{p})\\pmb{V}^{(h)}=(\\pmb{D}^{(h)})^{-1}\\pmb{M}^{(h)}\\pmb{V}^{(h)},\n$$",
        "text_format": "latex",
        "page_idx": 15
    },
    {
        "type": "text",
        "text": "where $M^{(h)}:=\\exp(Q^{(h)}(K^{(h)})^{T}/\\sqrt{p})$ and $D^{(h)}$ is a diagonal matrix in which $D_{i i}^{(h)}$ is the sum of the $i$ -th row in $M^{(h)}$ , corresponding to the normalization part in softmax. ",
        "page_idx": 15
    },
    {
        "type": "text",
        "text": "After we obtain the outputs in each head, they are concatenated as, ",
        "page_idx": 15
    },
    {
        "type": "equation",
        "text": "$$\nL:=\\Big(L^{(1)}V^{(1)},\\ldots,L^{(N_{h})}V^{(N_{h})}\\Big),\n$$",
        "text_format": "latex",
        "page_idx": 15
    },
    {
        "type": "text",
        "text": "followed by the overall output, ",
        "page_idx": 15
    },
    {
        "type": "equation",
        "text": "$$\nL W_{o}+1b_{o}^{T},\n$$",
        "text_format": "latex",
        "page_idx": 15
    },
    {
        "type": "text",
        "text": "where $W_{o}$ and $b_{o}$ are similarly sized as the other matrices in Equation (B.2). ",
        "page_idx": 15
    },
    {
        "type": "text",
        "text": "C. Attention as Kernel Estimators ",
        "text_level": 1,
        "page_idx": 15
    },
    {
        "type": "text",
        "text": "For each head in the attention module, we have given the expression of attention output in Equation B.3. In this subsection, we will re-write attention as a kernel estimator to show the connection. ",
        "page_idx": 15
    },
    {
        "type": "text",
        "text": "In computing the attention output (of a single head), we have an input sequence $\\{x_{i}\\}_{i=1}^{n}$ (the rows in $X$ ) and accordingly we can obtain $\\textit{N}$ key vectors $\\{k_{j}\\}_{j=1}^{N}\\subset\\mathbb{R}^{p}$ (from the key matrix $\\kappa$ ) and query vectors $\\{q_{i}\\}_{i=1}^{n}\\subset\\mathbb{R}^{p}$ (from $Q$ ).3 The original goal of self-attention is to obtain the representation of each input token $x_{i}\\colon g(x_{i})$ . By denotation exchange: $q_{i}:=x_{i}$ and $f(q_{i}):=g(x_{i})$ , we can also understand the aforementioned self-attention module as returning the representation $f(q_{i})$ of the input query vector $q_{i}$ through $\\{k_{j}\\}_{j=1}^{n}$ , which behaves as a kernel estimator [47], [48]. Specifically, for a single query vector $q_{i}$ , a Nadaraya–Watson kernel estimator [49, Definition 5.39] models its representation as, ",
        "page_idx": 15
    },
    {
        "type": "text",
        "text": "",
        "page_idx": 16
    },
    {
        "type": "equation",
        "text": "$$\nf(q_{i})=\\sum_{j=1}^{n}\\ell_{j}(q_{i})c_{j},~\\mathrm{where}~\\ell_{j}(q_{i}):=\\frac{\\kappa(q_{i},k_{j})}{\\sum_{j^{\\prime}=1}^{N}\\kappa(q_{i},k_{j^{\\prime}})}.\n$$",
        "text_format": "latex",
        "page_idx": 16
    },
    {
        "type": "text",
        "text": "Here, $\\kappa(\\cdot,\\cdot)$ is a kernel function, and $c_{j}$ ’s are the coefficients ( $\\dot{\\boldsymbol{c}}_{j}$ can either be a scalar or a vector in different applications) that are learned during training. In this estimator, $\\{k_{j}\\}_{j=1}^{n}$ serve as the supporting points which help construct the representation for an input $q_{i}$ . ",
        "page_idx": 16
    },
    {
        "type": "text",
        "text": "For kernel function $\\kappa(x,y)=\\exp\\left(\\left\\langle x,y\\right\\rangle/\\sqrt{p}\\right)$ , we slightly abuse the notation $\\kappa(Q,{\\cal K})$ to represent an $n$ -by- $N$ empirical kernel matrix, whose element in the $i$ -th row and the $j$ -th column is $\\kappa(q_{i},k_{j}),\\forall i\\in[n],j\\in[N]$ . With these notations, the representation of the transformed output will be, ",
        "page_idx": 16
    },
    {
        "type": "equation",
        "text": "$$\nD^{-1}\\kappa(Q,K)C,\n$$",
        "text_format": "latex",
        "page_idx": 16
    },
    {
        "type": "text",
        "text": "where $D$ is a diagonal matrix for row normalization in Eq. (B.6), and $C$ is an $N$ -by- $p$ matrix whose $j$ -th row is $c_{j}$ . ",
        "page_idx": 16
    },
    {
        "type": "text",
        "text": "D. Potential Pathways to the Incorporation of Sample Weights into Distribution Embedding ",
        "page_idx": 16
    },
    {
        "type": "text",
        "text": "Considering the correspondence between Equation (B.7) and the standard softmax attention in Equation (B.3), we are indeed able incorporate the sample weights in an empirical distribution to attention (as mentioned in Section III-B). The new character will allow a transformer to embed arbitrary empirical distributions and generate layer embeddings for hypernetworks. ",
        "page_idx": 16
    },
    {
        "type": "text",
        "text": "Originally in transformers, all the tokens are assumed to share the equal weights, while a general empirical distribution allows non-uniform atom masses. To address the issue, we can make an analogy between self-attention and the Nadaraya–Watson kernel estimator in Equation (B.6). ",
        "page_idx": 16
    },
    {
        "type": "text",
        "text": "We first rewrite $\\ell_{j}(q_{i})$ ’s in Equation (B.6) to highlight the implicitly assumed uniform sample weights: ",
        "page_idx": 16
    },
    {
        "type": "equation",
        "text": "$$\n\\ell_{j}(q_{i})=\\frac{\\kappa(q_{i},k_{j})}{\\sum_{j^{\\prime}=1}^{N}\\kappa(q_{i},k_{j^{\\prime}})}=\\frac{\\frac{1}{N}\\cdot\\kappa(q_{i},k_{j})}{\\sum_{j^{\\prime}=1}^{N}\\frac{1}{N}\\cdot\\kappa(q_{i},k_{j^{\\prime}})},\n$$",
        "text_format": "latex",
        "page_idx": 16
    },
    {
        "type": "text",
        "text": "which allows an immediate extension in the weighted case; given the normalized sample weights $\\pmb{m}=\\{m_{1},m_{2},...,m_{n}\\}$ with $\\begin{array}{r}{\\sum_{j=1}^{N}m_{j}=1}\\end{array}$ , we can modify the coefficients $\\ell_{j}(q_{i})$ ’s in Equation (B.6) as ",
        "page_idx": 16
    },
    {
        "type": "equation",
        "text": "$$\n\\ell_{j}(q_{i})=\\frac{m_{j}\\cdot\\kappa(q_{i},k_{j})}{\\sum_{j^{\\prime}=1}^{N}m_{j^{\\prime}}\\cdot\\kappa(q_{i},k_{j^{\\prime}})}.\n$$",
        "text_format": "latex",
        "page_idx": 16
    },
    {
        "type": "text",
        "text": "Ultimately, the weighted attention is expressed as follows: ",
        "page_idx": 16
    },
    {
        "type": "equation",
        "text": "$$\nD^{-1}\\exp\\left(\\frac{Q K^{T}}{\\sqrt{p}}\\right)\\mathrm{diag}\\left(N m\\right)V=\\mathrm{softmax}\\left(\\frac{Q K^{T}}{\\sqrt{p}}\\mathrm{diag}\\left(\\ln N m\\right)\\right)V,\n$$",
        "text_format": "latex",
        "page_idx": 16
    },
    {
        "type": "text",
        "text": "where the row normalization matrix $D$ is reloaded as $\\begin{array}{r}{\\mathrm{diag}\\left(\\exp\\left(\\frac{Q K^{T}}{\\sqrt{p}}\\right)N m\\right)}\\end{array}$ ",
        "page_idx": 16
    },
    {
        "type": "text",
        "text": "For the output $\\pmb{H}$ of the whole transformer, we can apply a weighted average pooling to obtain the final embedding: ",
        "page_idx": 16
    },
    {
        "type": "equation",
        "text": "$$\nz=\\pmb{H}^{T}m.\n$$",
        "text_format": "latex",
        "page_idx": 16
    },
    {
        "type": "text",
        "text": "The embedding $z$ will then be passed to the hypernetwork for generating the transport map. ",
        "page_idx": 16
    },
    {
        "type": "text",
        "text": "E. Architecture Comparison with Existing Methods ",
        "text_level": 1,
        "page_idx": 17
    },
    {
        "type": "text",
        "text": "We noted that our proposed paradigm shared some similarities with the general ideas of CONDOT and Meta OT. Therefore, we shall briefly discuss the differences between our methods and theirs. ",
        "page_idx": 17
    },
    {
        "type": "text",
        "text": "The setting of CONDOT is based on a regression formulation. Therefore, the input source and target measures must be paired. Our scheme is more flexible compared to theirs in this regard, as it allows the numbers of source and target measures to differ. Further, the transport maps in CONDOT are modulated by having an additional context variable as an input, while our transport maps are generated from properly trained hypernetworks. Lastly, we devised an end-to-end pipeline to extract information from source measures by transformers, while CONDOT relied on externally given information to obtain the context variables. ",
        "page_idx": 17
    },
    {
        "type": "text",
        "text": "The Meta OT model, on the other hand, makes use of hypernetworks to generate the transport maps. Therefore, it is more comparable to our proposed method. In Meta OT, however, the distributions are passed directly to the hypernetworks as inputs, which means they must be concatenated, padded, or resized if their size mismatch. The transformer module in HOTET resolves this matter and extract the information more efficiently, as explained in Section III-B. ",
        "page_idx": 17
    },
    {
        "type": "text",
        "text": "APPENDIX C ",
        "text_level": 1,
        "page_idx": 17
    },
    {
        "type": "text",
        "text": "MISCELLANIES ",
        "text_level": 1,
        "page_idx": 17
    },
    {
        "type": "text",
        "text": "A. Notations ",
        "text_level": 1,
        "page_idx": 17
    },
    {
        "type": "text",
        "text": "We denote by $\\mathcal{E}$ the embedding module, and $\\mathcal{F},\\mathcal{G}$ the hynernetworks in HOTET, respectively. Given distributions $\\mu$ and $\\nu$ , we use $T_{\\mu\\to\\nu}$ to denote the true OT map that pushforwards $\\mu$ to $\\nu$ , and omit the subscript when the context is clear. Accordingly, we use $\\varphi,\\psi$ to denote the potential functions and $f,g$ to denote the networks used for approximating $\\varphi,\\psi$ . ",
        "page_idx": 17
    },
    {
        "type": "table",
        "img_path": "images/317a222525977a127c66a00775deb764d55f1b8c09bc6a145a51044ba962d070.jpg",
        "table_caption": [
            "B. Hyperparameters For the detail settings, Tables VIII to $\\mathrm{\\DeltaX}$ show the hyperparameters we used in our experiments. ",
            "TABLE VIII: Hyperparamter in the W2B experiment. "
        ],
        "table_footnote": [],
        "page_idx": 17
    },
    {
        "type": "table",
        "img_path": "images/745e08066d9c1acfbffdde0e8568b0eb41bcddd9dbd3090eac60810b493e6cf8.jpg",
        "table_caption": [],
        "table_footnote": [
            "TABLE IX: Hyperparamter in the OT maps prediction experiment. "
        ],
        "page_idx": 17
    },
    {
        "type": "table",
        "img_path": "images/dece57d8a24cc8fb09941dee83185f53ad1c7b6800a9a49bba0081acf278f1a9.jpg",
        "table_caption": [
            "TABLE X: Hyperparamter in the color transfer experiment. "
        ],
        "table_footnote": [],
        "page_idx": 17
    }
]