[
    {
        "type": "text",
        "text": "EgoCHARM: Resource-Efficient Hierarchical Activity Recognition using an Egocentric IMU Sensor ",
        "text_level": 1,
        "page_idx": 0
    },
    {
        "type": "text",
        "text": "Akhil Padmanabha\\* Carnegie Mellon University ",
        "page_idx": 0
    },
    {
        "type": "text",
        "text": "Saravanan Govindarajan Meta Reality Labs ",
        "page_idx": 0
    },
    {
        "type": "text",
        "text": "Hwanmun Kim Meta Reality Labs ",
        "page_idx": 0
    },
    {
        "type": "text",
        "text": "Sergio Ortiz Meta Reality Labs ",
        "page_idx": 0
    },
    {
        "type": "text",
        "text": "Rahul Rajan Meta Reality Labs ",
        "page_idx": 0
    },
    {
        "type": "text",
        "text": "Doruk Senkal Meta Reality Labs ",
        "page_idx": 0
    },
    {
        "type": "text",
        "text": "Sneha Kadetotad Meta Reality Labs ",
        "page_idx": 0
    },
    {
        "type": "image",
        "img_path": "images/fb8e2ee7d6cbf3d991837d868feea155bcd1a7c6a5636561be6f0e6fc1cf087e.jpg",
        "img_caption": [
            "Figure 1: We propose a resource-efficient hierarchical architecture, EgoCHARM, to classify both high and low level activities using a single egocentric, head-mounted IMU. On the left, we show the Aria smartglasses [9, 27] featuring the IMU along with sample acceleration data from selected low and high level activities within our dataset. Our hierarchical architecture, shown on the right, features a low level encoder that inputs 1s low level windows of IMU data and extracts motion embeddings, which can be used to predict low level activities or aggregated over time (30s) and inputted into a high level architecture to predict high level activities. "
        ],
        "img_footnote": [],
        "page_idx": 0
    },
    {
        "type": "text",
        "text": "ABSTRACT ",
        "text_level": 1,
        "page_idx": 0
    },
    {
        "type": "text",
        "text": "1 INTRODUCTION ",
        "text_level": 1,
        "page_idx": 0
    },
    {
        "type": "text",
        "text": "Human activity recognition (HAR) on smartglasses has various use cases, including health/fitness tracking and input for context-aware AI assistants. However, current approaches for egocentric activity recognition suffer from low performance or are resource-intensive. In this work, we introduce a resource (memory, compute, power, sample) efficient machine learning algorithm, EgoCHARM, for recognizing both high level and low level activities using a single egocentric (head-mounted) Inertial Measurement Unit (IMU). Our hierarchical algorithm employs a semi-supervised learning strategy, requiring primarily high level activity labels for training, to learn generalizable low level motion embeddings that can be effectively utilized for low level activity recognition. We evaluate our method on 9 high level and 3 low level activities achieving 0.826 and 0.855 F1 scores on high level and low level activity recognition respectively, with just 63k high level and $22\\mathrm{k}$ low level model parameters, allowing the low level encoder to be deployed directly on current IMU chips with compute. Lastly, we present results and insights from a sensitivity analysis and highlight the opportunities and limitations of activity recognition using egocentric IMUs. ",
        "page_idx": 0
    },
    {
        "type": "text",
        "text": "Index Terms: wearables, human activity recognition, motion sensors, inertial measurement units ",
        "page_idx": 0
    },
    {
        "type": "text",
        "text": "The proliferation of wearable devices and sensor-enabled technologies in portable form factors has created numerous opportunities for tracking, analyzing, and generating insights into human actions and behaviors. Human activity recognition (HAR), the process of automatically identifying and classifying an individual’s physical activities from sensor data, has become a critical component in various consumer applications, with many existing and potential future use cases including generating daily activity timelines, tracking health/fitness, and providing personalized insights and recommendations. Head-mounted devices such as smartglasses present a unique opportunity for activity recognition by providing a firstperson view of the world from the user’s perspective. While numerous studies have demonstrated activity recognition using egocentric cameras in smartglasses [14, 23, 26, 13, 38, 31], there are significant hurdles to overcome before always-on vision algorithms can be deployed in real-world settings, including high power consumption, substantial computational demands, and privacy concerns. ",
        "page_idx": 0
    },
    {
        "type": "text",
        "text": "In comparison, Inertial Measurement Units (IMUs), which capture human motion through acceleration and angular velocity signals, are well-suited for continuous activity recognition due to their low power consumption, minimal computational requirements, and inherent privacy advantages. Additionally, IMUs are increasingly being equipped with on-chip compute capabilities, enabling further resource savings on the primary device processor [4, 39]. In addition to activity recognition use cases, always-on IMU sensing provides strong advantages for compact form factors like smartglasses, including the ability to trigger higher-power sensors for other functionalities on the device, enabling more efficient use of system resources. Furthermore, motion embeddings from IMU activity recognition algorithms can be used as input for large language models, unlocking further capabilities like context-aware AI assistants without the need for explicit prompting using language [28, 22, 29]. The emergence of consumer smartglasses, such as the Meta RayBans, motivates the use of head-mounted IMUs for always-on activity recognition on smartglasses. In comparison to body and wristmounted IMUs, which have been researched extensively for activity recognition, signals from head-mounted IMUs are distinct and remain relatively unexplored in the literature. ",
        "page_idx": 0
    },
    {
        "type": "text",
        "text": "",
        "page_idx": 1
    },
    {
        "type": "text",
        "text": "In this work, we introduce a resource (memory, compute, power, sample) efficient hierarchical machine learning algorithm, EgoCHARM, for recognizing both high level and low level activities using a single egocentric IMU on smartglasses. We define high level activities as those lasting more than 30 seconds, including tasks like fitness/exercise (e.g., basketball, soccer), chores (e.g., cooking, cleaning), and prolonged stationary activities (e.g., working on a laptop, using a phone). Conversely, low level activities are brief, simple actions occurring within a 1 second window, such as walking and remaining stationary. Low level activities can be aggregated to form the more complex high level activities, motivating the use of a hierarchical framework. As illustrated in Fig. 1, our hierarchical machine learning algorithm features a novel low level encoder, a CNN-GRU (Convolutional Neural Network-Gated Recurrent Unit) architecture shown in Fig. 2, with a low parameter count, allowing it to be deployed directly on existing IMU chips, saving compute and memory on the main device processor. This encoder, trained in a semi-supervised method using only high level activity labels, extracts latent motion embeddings over short time horizons. These embeddings are then inputted sequentially into our high level architecture, a GRU (Gated Recurrent Unit) architecture, which utilizes a longer time horizon to classify complex high level activities. We show how this low level encoder can be frozen and probed to distinguish between three low level activities (stationary, walking, running), highlighting the utility and generalizability of the low level embeddings. With the EgoCHARM architecture, we demonstrate strong performance in both high level and low level activity recognition achieving 0.826 test F1 score on 9 high level classes and 0.855 test F1 score on 3 low level classes using a low number of parameters (22k low level and 63k high level). By classifying both high and low level activities, we can gain a comprehensive understanding of an individual’s daily routine, enabling applications in health monitoring, activity tracking, and personalized recommendations that require a nuanced view of both short-term actions and long-term behaviors. Our work additionally provides insights from our findings including a sensitivity analysis highlighting the effect of various parameters including number of samples and IMU sampling frequency on performance. Lastly, we present challenges of using egocentric IMUs for activity recognition and future opportunities in this field. ",
        "page_idx": 1
    },
    {
        "type": "text",
        "text": "In summary, the contributions of this work are as follows: ",
        "page_idx": 1
    },
    {
        "type": "text",
        "text": "• We present a resource-efficient hierarchical machine learning algorithm, EgoCHARM, for classification of high level activities using a single egocentric IMU on smartglasses, achieving 0.826 test F1 score and $82.86\\%$ test accuracy for 9 class high level activity recognition.   \n• We show the generalizability of EgoCHARM’s semisupervised low level encoder through probing, achieving 0.855 test F1 score and $90.64\\%$ test accuracy for classification between 3 low level activities.   \n• We present results and insights from a sensitivity analysis and highlight the opportunities and limitations of activity recognition and generalizable encoders using egocentric, headmounted IMUs. ",
        "page_idx": 1
    },
    {
        "type": "image",
        "img_path": "images/02d64c0c6eb255237c495b5f9900da5be0e95616464be2da57ea35db8c6778eb.jpg",
        "img_caption": [
            "Figure 2: EgoCHARM Low Level Encoder Architecture. Our encoder consists of 1D-CNN (Convolutional Neural Network) layers with variable dilation to capture the periodic patterns present in IMU signals and a GRU (Gated Recurrent Unit) for capturing temporal sequences. "
        ],
        "img_footnote": [],
        "page_idx": 1
    },
    {
        "type": "text",
        "text": "2 RELATED WORKS ",
        "text_level": 1,
        "page_idx": 1
    },
    {
        "type": "text",
        "text": "The field of human activity recognition has seen numerous advancements through the use of various devices and sensing modalities including cameras and IMUs [6, 19, 17, 40]. In this section, we focus on related work pertinent to two topics that our work intersects: egocentric (head-mounted) IMU activity recognition and resourceefficient IMU activity recognition. ",
        "page_idx": 1
    },
    {
        "type": "text",
        "text": "2.1 Egocentric IMU Activity Recognition ",
        "text_level": 1,
        "page_idx": 1
    },
    {
        "type": "text",
        "text": "Egocentric IMUs have been used on head-mounted devices such as smartglasses and AR/VR headsets for applications including indoor localization / SLAM [24, 1], head pose and gesture estimation [37, 18, 21], and as input interfaces for devices and robots [34, 32, 33]. We focus on research related to egocentric IMUs, as the signals from head-mounted sensors differ from those obtained from body-mounted sensors affecting activity classification performance. Most existing works in this area lack generalizability across participants or rely on small datasets collected under controlled conditions with limited activities and/or participants [12, 7, 15]. Other studies have explored pretraining of generalizable egocentric IMU encoders for various downstream activity recognition tasks [28, 8, 5]. Notable methods include IMU2CLIP [28] and PRIMUS [8], but these suffer from suboptimal performance on activity recognition while utilizing large architecture sizes. For example, PRIMUS employs a stacked RNN architecture with approximately 1.4M parameters, achieving around $70\\%$ accuracy on 8 classes from the Ego-Exo4D dataset [8]. In contrast, EgoCHARM is more compact, demonstrates strong performance on high level activities, and can generalize to predict low level activities. ",
        "page_idx": 1
    },
    {
        "type": "text",
        "text": "2.2 Resource-Efficient IMU Activity Recognition ",
        "text_level": 1,
        "page_idx": 1
    },
    {
        "type": "text",
        "text": "Minimizing model parameters, FLOPs, and IMU sampling frequencies is crucial for enabling deployment of IMU activity recognition on resource-constrained devices like smartglasses. In practice, many consumer devices and IMUs with on-chip compute like the Bosch BMI263 [3] use decision trees for simple activity recognition as they are require low compute and memory [16, 11]. However, performance with decision trees is limited and thus, many recent works have explored neural network architectures to address this gap while still considering compute and memory constraints on the edge [30, 35, 36]. However, no prior works explore resourceefficient activity recognition algorithms with neural network architectures using egocentric IMUs. ",
        "page_idx": 1
    },
    {
        "type": "text",
        "text": "Hierarchical architectures [36, 20, 41] present considerable promise for activity recognition, as they inherently capture the hierarchy between low level and high level activities, with low level activities collectively forming high level ones. Furthermore, these architectures are inherently more resource-efficient as they can be easily divided, allowing the more frequently executed low level architecture to be run directly on the IMU chip, saving compute and memory on the main device processor. Our work specifically draws inspiration from CHARM (Complex Human Activity Recognition Model) [36], a hierarchical deep neural network architecture that leverages IMU data to classify high level activities by learning low level motion patterns. A key benefit of CHARM is its ability to train with only high level labels, reducing the need for extensive annotation efforts in dataset creation. However, CHARM’s evaluation was limited to multiple body-mounted IMUs and a small dataset with few activities and participants. Additionally, it used hand-picked IMU features (mean, minimum, maximum, etc.) and multi-layer perceptrons for both low and high level architectures, limiting performance. Our work builds upon and expands hierarchical CHARM models by exploring more efficient and effective model architectures, evaluating on a large dataset with many participants, and demonstrating generalizability of the semi-supervised low level IMU encoders for low level activity recognition. ",
        "page_idx": 1
    },
    {
        "type": "table",
        "img_path": "images/950acac9e5b0f1ac3cb634c085d77df86b184cf9ec03ea9ac1e246f79bfa1ce0.jpg",
        "table_caption": [
            "Table 1: High and Low Level Dataset Details "
        ],
        "table_footnote": [],
        "page_idx": 2
    },
    {
        "type": "text",
        "text": "",
        "page_idx": 2
    },
    {
        "type": "text",
        "text": "3 METHODS ",
        "text_level": 1,
        "page_idx": 2
    },
    {
        "type": "text",
        "text": "We frame both high and low level activity recognition as supervised learning classification problems, where the goal is to categorize each high level sample into one of $n$ distinct classes. ",
        "page_idx": 2
    },
    {
        "type": "text",
        "text": "3.1 Datasets ",
        "text_level": 1,
        "page_idx": 2
    },
    {
        "type": "text",
        "text": "We utilize IMU (3-axis accelerometer and 3-axis gyroscope) data from two publicly available datasets, Ego-Exo4D [14] and Nymeria [25]. Ego-Exo4D includes data gathered from 740 participants, whereas Nymeria comprises data from 264 participants. Both datasets were collected using the Aria V1 smartglasses from Meta Reality Labs [9, 27]. The Aria smartglasses consist of multiple sensors including cameras and two IMUs, on the left and right sides of the device. We use data from only the left IMU and downsample to ${50}\\mathrm{{Hz}}$ . ",
        "page_idx": 2
    },
    {
        "type": "text",
        "text": "For high level activity recognition, we use 9 total classes, 7 from Ego-Exo4D and 2 from Nymeria. We use the “scenario” annotations from both datasets to select our high level activities. Specifically from the Ego-Exo4D dataset, we use the basketball, soccer, cooking, rock climbing, dance, and bike repair scenarios as our high level classes. From the Nymeria dataset, we use the body stretch and housekeeping scenarios as our high level classes. For both datasets, we exclude the rest of the scenarios because they encompass numerous sub-high level activities with different motion profiles. For example, in the Ego-Exo4D dataset, the health scenario includes both administering a COVID-19 test and performing CPR. We show sample IMU data from multiple high level activities in Fig. 1, Fig. 8, and Fig. 9. ",
        "page_idx": 2
    },
    {
        "type": "text",
        "text": "For low level activity recognition, we use 3 total classes: stationary, walking, and running and we select this data from the Nymeria dataset. For reannotation, we use the “activity summarization” annotations, provided for every 30 seconds of data, and manually select windows of data that match our low level classes using the textual summaries. The majority of the stationary samples are from the “by my desk” scenario, the majority of the walking samples are from the “hiking” scenario, and the majority of the running samples are from the “fresh air” scenario. For the running class, we additionally refine our annotations visually from the RGB camera footage from the Aria glasses. We show sample IMU data from the three low level activities in Fig. 1. ",
        "page_idx": 2
    },
    {
        "type": "text",
        "text": "",
        "page_idx": 2
    },
    {
        "type": "text",
        "text": "We split both our high and low level datasets into a train and test set using stratification, ensuring that no participant’s data exists in both the train and test sets, while preserving the percentage of samples for each class in both sets. We use high level window sizes of 30 seconds and low level window sizes of 1 second. These window sizes are consistent with typical annotation schemes used in egocentric datasets, where low level activities, commonly called “atomic actions”, are annotated within 1 second windows and high level activities, such as “activity summarization” from the Nymeria dataset, are annotated over 30 second windows [14, 13, 25]. The amount of samples in our datasets is shown in Table 1. Fig. S1 and Fig. S2 additionally show the number of samples per class in each dataset. We ensure that samples used in our low level dataset are excluded from our high level dataset. ",
        "page_idx": 2
    },
    {
        "type": "text",
        "text": "3.2 Hierarchical Modeling ",
        "text_level": 1,
        "page_idx": 2
    },
    {
        "type": "text",
        "text": "As discussed in Section 2.2, we draw inspiration from the hierarchical model, CHARM, proposed by Rosen et al. [36]. Our algorithm, EgoCHARM, is shown visually in Fig. 1 and Fig. 2, and we additionally describe it mathematically as follows. For a high level data window spanning $t_{H L}=30$ seconds, we initially downsample each of the 6 IMU channels to $50~\\mathrm{Hz}$ using linear interpolation. We specifically use $50\\ \\mathrm{Hz}$ as according to the Nyquist theorem, it enables us to accurately capture signals up to $25\\:\\mathrm{Hz}$ , which encompasses most human movements. We then partition the high level window into non-overlapping low level windows, each spanning $t_{L L}=1$ second. For specific model architectures explored, discussed in further detail Section 3.3, we extract hand picked features per channel while for the majority of the model architectures, we directly input the 6 channels of raw data. While using hand-picked features, we flatten and normalize these features to zero mean and unit variance. For the hand-picked features, the low level input to our low level encoder is $\\mathbf{f_{LL}}^{\\lambda}\\in R^{30}$ , as there are 6 IMU channels with 5 features each. For the raw data architectures, we apply normalization across all windows of raw data, specifically along each of the 6 IMU channels. The input is defined as $\\mathbf{f_{LL}}\\in\\mathbf{\\check{\\cal{R}}}^{6\\times50}$ , as we use 1 second low level windows with a sampling rate of ${50}\\mathrm{Hz}$ . The low level input, $\\mathbf{f_{LL}}$ , is fed into our low level encoder, LLE, which outputs a low level motion embedding, $\\mathbf{e_{LL}}$ , for each 1s low level window of data, ${\\bf e_{L L}}=\\mathrm{LLE}({\\bf f_{L L}})$ where ${\\bf e_{L L}}\\in R^{o}$ , where $o$ is the output embedding dimension. ",
        "page_idx": 2
    },
    {
        "type": "text",
        "text": "For high level activity recognition, we concatenate the low level output embeddings across the entire 30s high level window to form a concatenated embedding vector, $\\mathbf{e_{HL}}\\in R^{n*o}$ , where $n$ is the number of low level windows in a high level window; in this case, $n=30$ . This vector is then inputted into a high level architecture, HLA. A softmax activation function is applied to obtain classification probabilities. This can be expressed as $\\mathbf{p_{h}}=\\mathrm{HLA}(\\mathbf{e_{HL}})$ where ${\\bf p_{h}}$ is the output vector containing the high level classification probabilities. We train both our low level encoder and high level architecture concurrently using only high level activity labels and a weighted cross-entropy loss to handle class imbalance. We specify how we probe our trained low level encoder to enable low level activity recognition, in Section 3.6. ",
        "page_idx": 2
    },
    {
        "type": "text",
        "text": "3.3 Low Level Encoder Architectures ",
        "text_level": 1,
        "page_idx": 3
    },
    {
        "type": "text",
        "text": "In designing our low level encoder, we focus on developing small model architectures with fewer than 25,000 parameters, driven by the on-chip compute capabilities of IMUs available today. Commercially available IMU chips, such as the Bosch BHI360 [4] and STMicroelectronics LSM6DSO16IS [39], typically feature on-chip compute resources ranging from $32\\mathrm{kB}$ to $256\\mathrm{kB}$ of program memory, with a portion occupied by manufacturer tooling, code, and other components. By leveraging quantization and other optimization techniques, we can deploy our low level encoders on these resource-constrained devices, as long as they remain within the 25,000 parameter threshold. We explored the following architectures: ",
        "page_idx": 3
    },
    {
        "type": "text",
        "text": "• MLP with Hand-Picked Features: Inspired by Rosen et al. [36], for each of the low level raw data windows, we extract 5 hand-picked features (mean, maximum, minimum, variance, and peak to peak difference). These features are inputted into an MLP architecture.   \n• CNN: We utilize 1-D CNN architectures where convolutions are applied over each of the 6 IMU channels. At each convolutional layer, multiple convolutions with the same kernel size and different dilations are applied in parallel and stacked together to capture the periodicity of the IMU signals.   \n• IMU2CLIP: Both IMU2CLIP [28] and PRIMUS [8] use a $\\mathbf{CNN+GRU}$ architecture with group norm and fixed kernel size and dilation for the CNN layers. Due to the IMU2CLIP encoder having over 1 million parameters, we explore the same architecture but with smaller model dimensions. In line with the original work, we do not normalize our IMU data before inputting it into the encoder.   \n• CNN-LSTM (Long Short-Term Memory): We use 1-D CNN layers with variable dilation as discussed for the CNN method. We apply an LSTM on the output. The encoder outputs the last output of the final LSTM layer.   \n• CNN-GRU: We use 1-D CNN layers with variable dilation as described above with a GRU applied on the output. The encoder outputs the last output of the final GRU layer. This architecture is shown visually in Fig. 2. ",
        "page_idx": 3
    },
    {
        "type": "image",
        "img_path": "images/8591b1e97fda4d51ac181e8917d6179955ef463f415b2cf777c563ef5342471d.jpg",
        "img_caption": [
            "Figure 3: Low Level Encoder Probing. To enable low level activity recognition, we freeze our low level encoder’s parameters and train a probing layer to map our low level motion embeddings to 3 discrete classes. "
        ],
        "img_footnote": [],
        "page_idx": 3
    },
    {
        "type": "text",
        "text": "3.4 High Level Architectures ",
        "text_level": 1,
        "page_idx": 3
    },
    {
        "type": "text",
        "text": "As high level architectures will run on the main device processor, we can be more flexible on memory/compute requirements, but we still aim to find small models without sacrificing performance. We explored the following high level architectures: ",
        "page_idx": 3
    },
    {
        "type": "text",
        "text": "• MLP: We concatenate the LLE output embeddings over the entire high level window and input these into a MLP architecture for high level classification. ",
        "page_idx": 3
    },
    {
        "type": "text",
        "text": "• GRU: We input the LLE output embeddings over the entire high level window sequentially through a GRU architecture. The last output of the GRU is used for the high level classification.   \n• LSTM: We input the LLE output embeddings over the entire high level window sequentially through a LSTM architecture. The last output of the LSTM is used for the high level classification. ",
        "page_idx": 3
    },
    {
        "type": "text",
        "text": "3.5 Clustering on Low Level Motion Embeddings ",
        "text_level": 1,
        "page_idx": 3
    },
    {
        "type": "text",
        "text": "To evaluate the generalizability of our low level encoder, which was trained using only high level labels, we employ principal component analysis (PCA) to cluster output vectors in the latent space. We utilized 80 randomly selected samples per class (stationary, walking, and running) from our low level activity dataset. We used our trained EgoCHARM low level encoder, shown in Fig. 2, to extract embeddings, each with a dimension of 1 by 32. Subsequently, we applied PCA with 2 dimensions to these embeddings and visualize the results to provide insight on the generalizability of our low level encoder to unseen low level classes. ",
        "page_idx": 3
    },
    {
        "type": "text",
        "text": "3.6 Low Level Encoder Probing ",
        "text_level": 1,
        "page_idx": 3
    },
    {
        "type": "text",
        "text": "The EgoCHARM hierarchical architecture allows our low level encoder to automatically learn low level motion embeddings using only high level labels in a semi-supervised fashion. To enable low level activity recognition, we must map these low level motion embeddings to discrete low level classes. We frame this as a supervised learning problem. ",
        "page_idx": 3
    },
    {
        "type": "text",
        "text": "In line with past work on evaluating generalizability of IMU encodings for activity recognition [28, 8], we freeze our low level encoder’s parameters and add a leaky ReLU activation function, a single probing layer (PL), and softmax. This is shown visually in Fig. 3. The probing layer’s weights are tunable and are randomly initialized. This step can be expressed as $\\mathbf{p}_{\\mathbf{LL}}=\\mathbf{PL}(\\mathbf{LLE}_{f}(\\mathbf{f}_{\\mathbf{LL}}))$ where PL is the probing layer, $\\mathrm{LLE}_{f}$ is the frozen low level encoder, and $\\mathbf{p_{LL}}$ is the output vector containing the low level classification probabilities. ",
        "page_idx": 3
    },
    {
        "type": "text",
        "text": "We utilize our low level dataset introduced in Section 3.1 to train our probing layer on the 3 low level activities. We then evaluate its performance using our held out test set. Due to class imbalance, we apply a weighted cross-entropy loss during training. Additionally, due to the low number of running class samples in our low level dataset, we evaluate performance using 4 fold cross validation using stratification to ensure no participant data is both in the train and test set and to ensure equal percentage of classes/samples across folds. ",
        "page_idx": 3
    },
    {
        "type": "text",
        "text": "3.7 Experiments and Hyperparameter Searches ",
        "text_level": 1,
        "page_idx": 3
    },
    {
        "type": "text",
        "text": "To determine our best performing model, we run hyperparameter sweeps for high level activity recognition on every combination of low and high level architectures presented in Section 3.3 and Section 3.4. For each architecture combination, we conduct 200 runs and use Sobol sampling [2] in addition to a Bayesian optimization method, SAASBO [10], to select parameters for each run, optimizing over the test F1 score. After selecting the best performing model for every architecture combination, we evaluate the frozen low level encoder’s effectiveness at low level activity recognition using our low level activity dataset and probing layer detailed in Section 3.6. Further details on training and hyperparameter searches are provided in Section S2. ",
        "page_idx": 3
    },
    {
        "type": "text",
        "text": "We additionally conduct a sensitivity analysis to evaluate the impact of various factors on performance, including the number of high level samples per class, the number of low level samples per class, sampling frequency, and high level window size. For the number of HL samples per class, we test 500, 1000, 1500, 2000, and 2500 samples. For LL samples per class, we experiment with ",
        "page_idx": 3
    },
    {
        "type": "text",
        "text": "250, 500, 1000, 2000, and 3000 samples. In both cases, we randomly select the specified number of samples from the original training datasets, detailed in Table 1, Fig. S1, and Fig. S2. At higher numbers of samples per class, we exhaust the available samples for some classes. For sampling frequency, we evaluate at 15, 25, 75, and $100\\mathrm{Hz}$ . Lastly, for the high level window size, we test 5, 10, 15, 20, and 25 seconds. All parameters of the EgoCHARM processing pipeline and architecture remain constant, except for the parameter being modified. In line with our other hyperparameter sweeps, we perform 200 runs, only allowing variations in training parameters such as learning rate, number of epochs, etc. Further details are provided in Section S2. ",
        "page_idx": 4
    },
    {
        "type": "text",
        "text": "4 RESULTS ",
        "text_level": 1,
        "page_idx": 4
    },
    {
        "type": "image",
        "img_path": "images/6543dd782be63dbd6b0c559edd26881cbd4283d92692d80744dfea5aa866ab96.jpg",
        "img_caption": [
            "Figure 4: High Level Activity Recognition Confusion Matrix using EgoCHARM. Values in the confusion matrix are in percentage. "
        ],
        "img_footnote": [],
        "page_idx": 4
    },
    {
        "type": "text",
        "text": "Table 2 shows performance and resource metrics for all models evaluated for both high and level activity recognition. For reported test F1 scores, we use macro averaging while for test accuracy we use micro averaging. Macro averaging calculates the metric for each class separately and then computes the average of these individual metrics while micro averaging calculates the metric by considering all samples together. To benchmark memory, we count the number of parameters in our model architecture, whereas for benchmarking computational performance, we use FLOPs, which are the total number of floating point operations required for a forward pass of the model. We acknowledge that FLOPs is not an ideal metric for benchmarking compute because the required compute is highly dependent on the chip architecture and specific optimizations. Nevertheless, it provides a general indication of the computational demands of a model, serving as a baseline for comparison. ",
        "page_idx": 4
    },
    {
        "type": "text",
        "text": "4.1 EgoCHARM Architecture and Performance ",
        "text_level": 1,
        "page_idx": 4
    },
    {
        "type": "text",
        "text": "As seen in Table 2, the EgoCHARM architecture obtains the highest classification performance out of all models evaluated with a test F1 score of 0.826 and a test accuracy of $82.86\\%$ . EgoCHARM, consists of a CNN-GRU low level encoder, shown in Fig. 2, and a GRU high level architecture. The architecture has only 21,868 low level parameters and 63,369 high level parameters, with 1,041,072 low level FLOPs and 1,855,953 high level FLOPs. As seen in the confusion matrix in Fig. 4, the model achieves strong performance for most of the classes, especially higher motion classes including soccer, basketball, dance. Misclassifications are primarily confined to the classes with manipulation of objects like housekeeping, cooking, bike repair, and music. ",
        "page_idx": 4
    },
    {
        "type": "text",
        "text": "",
        "page_idx": 4
    },
    {
        "type": "image",
        "img_path": "images/ac90304ef7ff923eeaabc5ff25887092c256c85ec319fefd4b262bc5d1bc7714.jpg",
        "img_caption": [
            "Figure 5: Principal component analysis (PCA) on unseen low level activity motion embeddings using EgoCHARM low level encoder trained using only high level activity labels. Distinct clusters are seen for the three low level classes. "
        ],
        "img_footnote": [],
        "page_idx": 4
    },
    {
        "type": "text",
        "text": "As detailed in Section 3.5, we use PCA to cluster on the low level embeddings from our semi-supervised low level encoder in order to evaluate the generalizability to completely unseen low level data. As seen in Fig. 5, despite not being trained on low level labels, our EgoCHARM low level encoder distinctly clusters the 3 activities. Notably, clusters of more closely related activities (e.g., stationary/walking and walking/running) are positioned adjacently with slight overlap, while the classes with more distinct motion profiles (stationary/running) are distanced farther away. ",
        "page_idx": 4
    },
    {
        "type": "text",
        "text": "As discussed in Section 3.6, we can probe our semi-supervised low level encoder to enable low level activity recognition. As seen in Table 2, the EgoCHARM architecture also achieves the highest low level activity recognition performance, with a test F1 score of 0.855 and a test accuracy of $90.64\\%$ , with just 99 additional parameters and 96 additional FLOPs for the probing layer. Our low level activity recognition confusion matrix is shown in Fig. 7. In line with our PCA visualization, Fig 3.5, there are some misclassifications between more similar classes (e.g., stationary/walking and walking/running), and no errors between the distinct classes (stationary/running). ",
        "page_idx": 4
    },
    {
        "type": "text",
        "text": "4.2 Sensitivity Analysis ",
        "text_level": 1,
        "page_idx": 4
    },
    {
        "type": "text",
        "text": "We present results from our sensitivity analysis, detailed in Section 3.7, in Fig. 6. We additionally include the test F1 scores and accuracies in table format in Table S1, Table S2, Table S3, and Table S4. ",
        "page_idx": 4
    },
    {
        "type": "text",
        "text": "4.2.1 Sample Efficiency ",
        "text_level": 1,
        "page_idx": 4
    },
    {
        "type": "text",
        "text": "Collecting data from human subjects is expensive and timeconsuming, making it crucial to understand the number of samples needed for training machine learning algorithms. For high level activity classification, we restrict the number of training samples to 500, 1000, 1500, 2000, 2500 per class and plot the test F1 scores in Fig. 6A. EgoCHARM achieves reasonable performance of 0.748 F1 score with just 500 samples per class, which equates to only about 83 minutes of data per class, when taking into account the window size of 30s and the stride of 10s for our high level dataset. To achieve 0.814 F1 score, which is close to the best performance of ",
        "page_idx": 4
    },
    {
        "type": "table",
        "img_path": "images/0ccacd1ee9a57c4c637d389d6a57c6f39ab4182c91fafee53080a50a600d37fb.jpg",
        "table_caption": [
            "Table 2: Performance, Memory, and Compute Metrics "
        ],
        "table_footnote": [
            "Note: For high level activity recognition, hyperparameter sweeps (200 runs) were conducted for every combination of low and high level architectures presented in the above table. For low level activity recognition, we conduct 4 fold cross validation and average results acros folds. "
        ],
        "page_idx": 5
    },
    {
        "type": "image",
        "img_path": "images/cc0cdac997707bfa13edb1a370226df6753c5d9968363058fae538e801309d01.jpg",
        "img_caption": [
            "Figure 6: EgoCHARM Sensitivity Analysis. For all plots, the dotted grey line represents the best F1 score for our EgoCHARM model, presented in Table 2, with all high and low level samples, ${50}\\mathrm{Hz}$ sampling frequency, and 30s high level window size. A. The effect of the number of 30s samples per class on high level activity classification performance. B. The effect of the number of 1s samples per class on low level activity classification performance. We average results across 4 folds as described in Section 3.6. C. The effect of IMU sampling frequency on high level activity classification performance. D. The effect of high level window size (s) on high level activity classification performance. "
        ],
        "img_footnote": [],
        "page_idx": 5
    },
    {
        "type": "text",
        "text": "0.826 F1 score, we need 2500 samples per class, equating to about   \n416 minutes of data per class. ",
        "page_idx": 5
    },
    {
        "type": "text",
        "text": "Meanwhile, for low level activity classification, we restrict the number of training samples for our probing layer to 250, 500, 1000, 2000, and 3000 per class and plot the test F1 scores using 4 fold cross validation in Fig. 6B. To achieve $0.823~\\mathrm{F1}$ score, which is comparable to the best performance of $0.855~\\mathrm{F1}$ score, we need only 3000 samples per class, which equates to only 50 minutes of data per class, when taking into account the window size of 1s and stride of 1s for our low level dataset. ",
        "page_idx": 5
    },
    {
        "type": "text",
        "text": "4.2.2 Sampling Frequency ",
        "text_level": 1,
        "page_idx": 5
    },
    {
        "type": "text",
        "text": "We also investigate how sampling frequency affects performance. A lower IMU sampling frequency results in reduced power consumption. Furthermore, decreasing the sampling frequency in raw data architectures lowers the input dimensionality, which subsequently reduces the computational load and frees resources for other tasks on the device. All results presented in Table 2 were obtained using a frequency of ${50}\\mathrm{Hz}$ . To further explore the effect of sampling frequency on high level activity classification performance, we experimented with sampling frequencies of 15, 25, 75, and $100\\mathrm{Hz}$ using our EgoCHARM architecture and plotted the test F1 scores in Fig. 6C. The findings indicate that lowering the sampling frequency to 15 and $25\\mathrm{{Hz}}$ does not affect performance, with test F1 scores of 0.807 and 0.802, respectively, compared to 0.826 for the $50~\\mathrm{Hz}$ EgoCHARM model. The FLOPs count for the LL encoder for the $15~\\mathrm{Hz}$ model reduces to 295,992 from 1,041,072 for the $50~\\mathrm{Hz}$ model. Additionally, the results demonstrate that higher sampling frequencies do not enhance the performance of our EgoCHARM model. ",
        "page_idx": 5
    },
    {
        "type": "text",
        "text": "",
        "page_idx": 5
    },
    {
        "type": "text",
        "text": "4.2.3 High Level Window Size ",
        "text_level": 1,
        "page_idx": 5
    },
    {
        "type": "text",
        "text": "Finally, we assess how the size of the high level window impacts the performance of high level activity classification. Decreasing the high level window size from 30 seconds could facilitate applications that demand lower latency for high level activity predictions. We tested window sizes of 5, 10, 15, 20, and 25 seconds. Our findings are illustrated in Fig. 6D. We observe that classification performance increases as the window size is increased. The performance starts to level off around a 20-second window size, achieving a test F1 score of 0.808, compared to a test F1 score of 0.826 with a 30-second window size for our optimal EgoCHARM model. ",
        "page_idx": 5
    },
    {
        "type": "text",
        "text": "",
        "page_idx": 6
    },
    {
        "type": "text",
        "text": "5 DISCUSSION ",
        "text_level": 1,
        "page_idx": 6
    },
    {
        "type": "text",
        "text": "In this work, we introduced EgoCHARM, a resource-efficient hierarchical machine learning architecture designed for both high and low level activity recognition using a single egocentric IMU. Our results demonstrated that EgoCHARM achieved high performance metrics for both high and low level activity recognition while maintaining a small number of parameters (22k low level parameters and 63k high level parameters). In comparison, other egocentric IMU architectures, like IMU2CLIP and PRIMUS, use over $1.4\\mathrm{mil}$ - lion parameters [28, 8], for their IMU encoders. Both our low and high level confusion matrices, shown in Fig. 7 and Fig. 4, suggest that EgoCHARM performs particularly well in detection of higher motion activities. Our results additionally reveal that our novel low level encoder architecture, shown in Fig. 2, achieves superior performance in egocentric activity recognition compared to other architectures, including the IMU2CLIP [28] encoder architecture. Notably, we found that varying dilation in the CNN layers plays a crucial role in extracting meaningful feature representations from IMU signals. ",
        "page_idx": 6
    },
    {
        "type": "text",
        "text": "Our sensitivity analysis in Section 4.2 offered additional insights into further reducing the resources required by EgoCHARM during both training and deployment. Specifically, in Section 4.2.1, we discovered that EgoCHARM maintains competitive performance with a relatively small number of 500 high level samples per class and 3000 low level samples per class, highlighting its costeffectiveness. In Section 4.2.2, we showed that decreasing the IMU sampling frequency can further reduce power and computational demands. Specifically, we found that a $15\\:\\mathrm{Hz}$ sampling frequency yields performance comparable to ${50}\\mathrm{{Hz}}$ . This reduction results in a substantial $3.5\\mathrm{x}$ decrease in FLOPs for our low level encoder, from 1,041,072 to 295,992, making EgoCHARM even more computationally efficient. Finally, in Section 4.2.3, we found that reducing the high level window size to 20 seconds can decrease latency in activity predictions while maintaining performance similar to 30- second windows. ",
        "page_idx": 6
    },
    {
        "type": "image",
        "img_path": "images/115866800cc74f13b0dda5a719c9666d382b7649c2b86df8b84c90fa42db5571.jpg",
        "img_caption": [
            "Figure 7: Low Level Activity Recognition Confusion Matrix using EgoCHARM. Values in the confusion matrix are in percentage. We average results across all 4 folds as described in Section 3.6. "
        ],
        "img_footnote": [],
        "page_idx": 6
    },
    {
        "type": "text",
        "text": "5.1 Advantages of EgoCHARM ",
        "text_level": 1,
        "page_idx": 6
    },
    {
        "type": "text",
        "text": "Through our exploration, we find that EgoCHARM offers benefits over other approaches for on-device, always-on activity recognition. Firstly, EgoCHARM achieves high performance compared to many current methods for activity recognition using egocentric IMUs, while requiring less memory and compute. EgoCHARM is also sample efficient, needing only a small number of training samples for both high and low level activities to achieve high performance. ",
        "page_idx": 6
    },
    {
        "type": "text",
        "text": "Secondly, we demonstrated that EgoCHARM’s low level encoder can automatically learn low level motion embeddings using only high level labels, as qualitatively shown with PCA in Fig. 5. Utilizing only high level labels in EgoCHARM’s training process cuts down on the costs and time involved in data collection and annotation, since annotating low level activities is much more timeintensive than annotating high level ones. We also illustrated how these low level embeddings are generalizable, showing strong performance in low level activity recognition using just a simple probing layer with only 99 parameters. We anticipate that these motion embeddings could be beneficial for other downstream tasks, directly utilized by other models on devices for applications such as image stabilization and providing context to AI assistant models [29]. ",
        "page_idx": 6
    },
    {
        "type": "text",
        "text": "Lastly, the two-stage model architecture of EgoCHARM facilitates the simple division of the algorithm, enabling the low level encoder to be loaded and executed directly on always-on IMU chips equipped with compute capabilities, while the high level architecture exists on the main device processor. This design choice is particularly advantageous as it allows the frequently executed low level architecture to operate entirely independently of the main device processor, minimizing interrupts and freeing up computational and memory resources. ",
        "page_idx": 6
    },
    {
        "type": "text",
        "text": "5.2 Inherent Limitations of Egocentric IMU Signals ",
        "text_level": 1,
        "page_idx": 6
    },
    {
        "type": "text",
        "text": "Our high level activity confusion matrix (Fig. 4) shows that EgoCHARM faces challenges in distinguishing activities characterized by low motion and manipulation of objects. While alternative methods and architectures might offer slightly improved performance on these classes, we believe the inherent limitations of raw data from head-mounted, egocentric IMUs hinder the ability to accurately differentiate these activities. As an example, we present raw IMU data from two distinct activities, cooking and bike repair, in Fig. 8 and Fig. 9. In the cooking scenario, the participant cuts tomatoes on a cutting board with a knife, whereas in the bike repair scenario, the participant tightens a nut by hand while bent over, securing the wheel to the bike frame. Despite the significant differences in these activities from both human motion and visual perspectives, the egocentric IMU signals appear almost identical, showing only minor accelerations and angular velocities. The primary distinguishing factor in the motion signals is the participant’s bent posture during the bike repair activity, which results in different signal offsets for the three acceleration axes due to the effect of the gravity acceleration vector. ",
        "page_idx": 6
    },
    {
        "type": "text",
        "text": "This observation highlights that egocentric IMUs excel at detecting head motion and high-motion activities where the head moves in conjunction with the body. However, they struggle in situations with minimal motion or when the body and arms move independently of the head. To overcome these limitations, it may be necessary to pair egocentric IMUs with other devices or sensing modalities, such as wrist IMUs or egocentric cameras, depending on the downstream application, enhancing sensing capabilities and improving overall performance. Nonetheless, our research demonstrates that egocentric IMUs can be pivotal for always-on, resourceefficient activity recognition and sensor cascading on smartglasses. ",
        "page_idx": 6
    },
    {
        "type": "image",
        "img_path": "images/c4faab5856621cabbd7a34b25fdec6615514bbcac4ee8aee706e488ae91233dd.jpg",
        "img_caption": [],
        "img_footnote": [],
        "page_idx": 7
    },
    {
        "type": "image",
        "img_path": "images/03cd6faeb100e1e10c12dfd635c0c83a592abf958a179afeb29fed6797d21452.jpg",
        "img_caption": [
            "Figure 8: Egocentric camera frames and IMU Signals are shown from a 2 second clip of the cooking high level activity. In this clip, th participant cuts tomatoes on a cutting board using a knife. "
        ],
        "img_footnote": [],
        "page_idx": 7
    },
    {
        "type": "image",
        "img_path": "images/470544647b35f2cdb4054e068ff1b72b5b9783fd843d77438271e41897b91383.jpg",
        "img_caption": [
            "Figure 9: Egocentric camera frames and IMU Signals are shown from a 2 second clip of the bike repair high level activity. In this clip, th participant, while bent over, tightens a nut by hand to fasten the wheel onto the bike frame. "
        ],
        "img_footnote": [],
        "page_idx": 7
    },
    {
        "type": "text",
        "text": "5.3 Opportunities and Future Work ",
        "text_level": 1,
        "page_idx": 7
    },
    {
        "type": "text",
        "text": "While the EgoCHARM algorithm shows considerable promise, several avenues for future investigation remain to be explored. Firstly, additional evaluation is necessary with a broader range of classes, both high and low level, to determine how well EgoCHARM can scale while maintaining strong performance. Moreover, to thoroughly assess resource efficiency, especially compute, future efforts should focus on deploying and benchmarking our algorithm directly on-chip. Secondly, our methods were tested using datasets collected from a single device (Aria V1 glasses) and one IMU location (head). However, EgoCHARM could serve as an effective approach for training fully generalizable IMU encoders using only high level labels. To achieve this, further investigation is required to explore generalization across various devices and body locations without increasing memory, computational, or sample demands. Lastly, as discussed in Section 5.2, there are inherent limitations in egocentric IMU signals. Future work should explore how egocentric IMU embeddings can be integrated directly with other modalities or with sensor cascading to expand class scalability and enhance performance while remaining resource-efficient. ",
        "page_idx": 7
    },
    {
        "type": "text",
        "text": "6 CONCLUSION ",
        "text_level": 1,
        "page_idx": 7
    },
    {
        "type": "text",
        "text": "In conclusion, we introduced EgoCHARM, a novel hierarchical machine learning algorithm for recognizing both high level and low level activities using a single egocentric IMU on smartglasses. Our resource-efficient algorithm achieves strong performance in high level activity recognition while also demonstrating the utility of our semi-supervised low level encoder in the downstream task of classifying low level activities. By classifying both high and low level activities, we can gain a comprehensive understanding of an individual’s daily routine, enabling applications in health monitoring, activity tracking, and personalized recommendations. Our findings highlight the opportunities and limitations of using egocentric, head-mounted IMUs for activity recognition and provide insights into future research directions in this field. With the increasing adoption of consumer smartglasses, our work has implications for the further development of always-on, context-aware AI assistants that can seamlessly integrate into users’ daily lives. ",
        "page_idx": 7
    },
    {
        "type": "text",
        "text": "",
        "page_idx": 7
    },
    {
        "type": "text",
        "text": "REFERENCES ",
        "text_level": 1,
        "page_idx": 7
    },
    {
        "type": "text",
        "text": "[1] M. Bamdad, H.-P. Hutter, and A. Darvishy. Incrowd-vi: A realistic visual-inertial dataset for evaluating slam in indoor pedestrian-rich spaces for human navigation. arXiv preprint arXiv:2411.14358, 2024. 2   \n[2] J. Bergstra and Y. Bengio. Random search for hyper-parameter optimization. The journal of machine learning research, 13(1):281–305, 2012. 4   \n[3] Bosch Sensortec. Bmi263: Inertial measurement unit (imu). https://www.bosch-sensortec.com/products/ motion-sensors/imus/bmi263/, 2023. 2   \n[4] Bosch Sensortec. Bhi360: Inertial measurement unit (imu). https://www.bosch-sensortec.com/products/ smart-sensor-systems/bhi360/, 2024. 1, 4   \n[5] B. Chen, W. Wongso, Z. Li, Y. Khaokaew, H. Xue, and F. Salim. Comodo: Cross-modal video-to-imu distillation for efficient egocentric human activity recognition. arXiv preprint arXiv:2503.07259, 2025. 2   \n[6] K. Chen, D. Zhang, L. Yao, B. Guo, Z. Yu, and Y. Liu. Deep learning for sensor-based human activity recognition: Overview, challenges, and opportunities. ACM Computing Surveys (CSUR), 54(4):1–40, 2021. 2   \n[7] A. Cristiano, A. Sanna, and D. Trojaniello. Daily physical activity classification using a head-mounted device. In 2019 IEEE International Conference on Engineering, Technology and Innovation (ICE/ITMC), pp. 1–7. IEEE, 2019. 2   \n[8] A. M. Das, C. I. Tang, F. Kawsar, and M. Malekzadeh. Primus: Pretraining imu encoders with multimodal self-supervision. arXiv preprint arXiv:2411.15127, 2024. 2, 4, 7   \n[9] J. Engel, K. Somasundaram, M. Goesele, A. Sun, A. Gamino, A. Turner, A. Talattof, A. Yuan, B. Souti, B. Meredith, et al. Project aria: A new tool for egocentric multi-modal ai research. arXiv preprint arXiv:2308.13561, 2023. 1, 3   \n[10] D. Eriksson and M. Jankowiak. High-dimensional bayesian optimization with sparse axis-aligned subspaces. In Uncertainty in Artificial Intelligence, pp. 493–503. PMLR, 2021. 4   \n[11] L. Fan, Z. Wang, and H. Wang. Human activity recognition model based on decision tree. In 2013 International Conference on Advanced Cloud and Big Data, pp. 64–68. IEEE, 2013. 2   \n[12] H. Gjoreski, I. Kiprijanovska, S. Stankoski, S. Kalabakov, J. Broulidakis, C. Nduka, and M. Gjoreski. Head-ar: Human activity recognition with head-mounted imu using weighted ensemble learning. Activity and Behavior Computing, pp. 153–167, 2021. 2   \n[13] K. Grauman, A. Westbury, E. Byrne, Z. Chavis, A. Furnari, R. Girdhar, J. Hamburger, H. Jiang, M. Liu, X. Liu, et al. Ego4d: Around the world in 3,000 hours of egocentric video. In Proceedings of the IEEE/CVF conference on computer vision and pattern recognition, pp. 18995–19012, 2022. 1, 3   \n[14] K. Grauman, A. Westbury, L. Torresani, K. Kitani, J. Malik, T. Afouras, K. Ashutosh, V. Baiyya, S. Bansal, B. Boote, et al. Egoexo4d: Understanding skilled human activity from first-and thirdperson perspectives. In Proceedings of the IEEE/CVF Conference on Computer Vision and Pattern Recognition, pp. 19383–19400, 2024. 1, 3   \n[15] S. Ionut-Cristian and D. Dan-Marius. Using inertial sensors to determine head motion—a review. Journal of Imaging, 7(12):265, 2021. 2   \n[16] L. G. Jaimes, Y. De La Hoz, C. Eggert, and I. J. Vergara-Laurens. Pat: A power-aware decision tree algorithm for mobile activity recognition. In 2016 13th IEEE Annual Consumer Communications & Networking Conference (CCNC), pp. 54–59. IEEE, 2016. 2   \n[17] S.-R. Ke, H. L. U. Thuc, Y.-J. Lee, J.-N. Hwang, J.-H. Yoo, and K.-H. Choi. A review on video-based human activity recognition. Computers, 2(2):88–131, 2013. 2   \n[18] A. Kumar, S. Pundlik, E. Peli, and G. Luo. Comparison of visual slam and imu in tracking head movement outdoors. Behavior research methods, 55(6):2787–2799, 2023. 2   \n[19] O. D. Lara and M. A. Labrador. A survey on human activity recognition using wearable sensors. IEEE communications surveys & tutorials, 15(3):1192–1209, 2012. 2   \n[20] N. Lemieux and R. Noumeir. A hierarchical learning approach for human action recognition. Sensors, 20(17):4946, 2020. 2   \n[21] H. Li and H. Hu. Head gesture recognition combining activity detection and dynamic time warping. Journal of Imaging, 10(5):123, 2024. 2   \n[22] Z. Li, S. Deldari, L. Chen, H. Xue, and F. D. Salim. Sensorllm: Aligning large language models with motion sensors for human activity recognition. arXiv preprint arXiv:2410.10624, 2024. 2   \n[23] M. Liu, L. Ma, K. Somasundaram, Y. Li, K. Grauman, J. M. Rehg, and C. Li. Egocentric activity recognition and localization on a 3d map. In European Conference on Computer Vision, pp. 621–638. Springer, 2022. 1   \n[24] Z. Lv, N. Charron, P. Moulon, A. Gamino, C. Peng, C. Sweeney, E. Miller, H. Tang, J. Meissner, J. Dong, et al. Aria everyday activities dataset. arXiv preprint arXiv:2402.13349, 2024. 2   \n[25] L. Ma, Y. Ye, F. Hong, V. Guzov, Y. Jiang, R. Postyeni, L. Pesqueira, A. Gamino, V. Baiyya, H. J. Kim, et al. Nymeria: A massive collection of multimodal egocentric daily motion in the wild. In European Conference on Computer Vision, pp. 445–465. Springer, 2024. 3   \n[26] M. Ma, H. Fan, and K. M. Kitani. Going deeper into first-person activity recognition. In Proceedings of the IEEE Conference on Computer Vision and Pattern Recognition, pp. 1894–1903, 2016. 1   \n[27] Meta. Project aria, 2025. https://www.projectaria.com/. 1, 3   \n[28] S. Moon, A. Madotto, Z. Lin, A. Dirafzoon, A. Saraf, A. Bearman, and B. Damavandi. Imu2clip: Multimodal contrastive learning for imu motion sensors from egocentric videos and text. arXiv preprint arXiv:2210.14395, 2022. 2, 4, 7   \n[29] S. Moon, A. Madotto, Z. Lin, T. Nagarajan, M. Smith, S. Jain, C.-F. Yeh, P. Murugesan, P. Heidari, Y. Liu, et al. Anymal: An efficient and scalable any-modality augmented language model. In Proceedings of the 2024 Conference on Empirical Methods in Natural Language Processing: Industry Track, pp. 1314–1332, 2024. 2, 7   \n[30] T. Nakabayashi and H. Saito. Multimodal human activity recognition on edge devices. In 2024 IEEE International Symposium on Mixed and Augmented Reality Adjunct (ISMAR-Adjunct), pp. 136– 140. IEEE, 2024. 2   \n[31] T.-H.-C. Nguyen, J.-C. Nebel, and F. Florez-Revuelta. Recognition of activities of daily living with egocentric vision: A review. Sensors, 16(1):72, 2016. 1   \n[32] A. Padmanabha, J. Gupta, C. Chen, J. Yang, V. Nguyen, D. J. Weber, C. Majidi, and Z. Erickson. Independence in the home: A wearable interface for a person with quadriplegia to teleoperate a mobile manipulator. In Proceedings of the 2024 ACM/IEEE International Conference on Human-Robot Interaction, pp. 542–551, 2024. 2   \n[33] A. Padmanabha, C. Majidi, and Z. Erickson. Towards wearable interfaces for robotic caregiving. arXiv preprint arXiv:2502.05343, 2025. 2   \n[34] A. Padmanabha, Q. Wang, D. Han, J. Diyora, K. Kacker, H. Khalid, L.-J. Chen, C. Majidi, and Z. Erickson. Hat: Head-worn assistive teleoperation of mobile manipulators. In 2023 IEEE International Conference on Robotics and Automation (ICRA), pp. 12542–12548. IEEE, 2023. 2   \n[35] D. Ravi, C. Wong, B. Lo, and G.-Z. Yang. Deep learning for human activity recognition: A resource efficient implementation on lowpower devices. In 2016 IEEE 13th international conference on wearable and implantable body sensor networks (BSN), pp. 71–76. IEEE, 2016. 2   \n[36] E. Rosen and D. Senkal. Charm: A hierarchical deep learning model for classification of complex human activities using motion sensors. arXiv preprint arXiv:2207.07806, 2022. 2, 3, 4   \n[37] I. C. Severin, D. M. Dobrea, and M. C. Dobrea. Head gesture recognition using a 6dof inertial imu. International Journal of Computers Communications & Control, 15(3), 2020. 2   \n[38] Y. Song, E. Byrne, T. Nagarajan, H. Wang, M. Martin, and L. Torresani. Ego4d goal-step: Toward hierarchical understanding of procedural activities. Advances in Neural Information Processing Systems, 36:38863–38886, 2023. 1   \n[39] STMicroelectronics. Lsm6dso16is. https://www.st.com/en/ mems-and-sensors/lsm6dso16is.html, 2025. 1, 4   \n[40] M. Vrigkas, C. Nikou, and I. A. Kakadiaris. A review of human activity recognition methods. Frontiers in Robotics and AI, 2:28, 2015. 2   \n[41] H. Yu, G. Pan, M. Pan, C. Li, W. Jia, L. Zhang, and M. Sun. A hierarchical deep fusion framework for egocentric activity recognition using a wearable hybrid sensor system. Sensors, 19(3):546, 2019. 2 ",
        "page_idx": 7
    },
    {
        "type": "text",
        "text": "",
        "page_idx": 8
    },
    {
        "type": "text",
        "text": "",
        "page_idx": 8
    },
    {
        "type": "text",
        "text": "SUPPLEMENTAL MATERIALS ",
        "text_level": 1,
        "page_idx": 9
    },
    {
        "type": "text",
        "text": "S1 SAMPLES PER ACTIVITY CLASS ",
        "text_level": 1,
        "page_idx": 9
    },
    {
        "type": "text",
        "text": "In Fig. S1 and Fig. S2, we provide plots with the number of samples for each activity for both our high and low level datasets respectively. ",
        "page_idx": 9
    },
    {
        "type": "image",
        "img_path": "images/795cbe49946ce6493eb886e80771921b5d982d674d63e686e8ffc0bde30ff386.jpg",
        "img_caption": [
            "Figure S1: The number of 30 second train and test samples per class for the high level dataset. "
        ],
        "img_footnote": [],
        "page_idx": 9
    },
    {
        "type": "image",
        "img_path": "images/68a53cd2ec97e2395dd44011f94609caccfb6f81e885a89670815cfea485771e.jpg",
        "img_caption": [
            "Figure S2: The number of 1 second train and test samples per class for the low level dataset. Due to the small number of running samples, we apply 4 fold stratified cross validation. The data shown in this plot is from a single fold. "
        ],
        "img_footnote": [],
        "page_idx": 9
    },
    {
        "type": "text",
        "text": "factor for learning rate decay), and step size (the period of learning rate decay). ",
        "page_idx": 9
    },
    {
        "type": "text",
        "text": "In our sensitivity analysis hyperparameter sweeps, we keep all other parameters constant while varying learning rate, batch size, maximum epochs, dropout, gamma, and step size. ",
        "page_idx": 9
    },
    {
        "type": "text",
        "text": "S3 SENSITIVITY ANALYSIS TABLE RESULTS ",
        "text_level": 1,
        "page_idx": 9
    },
    {
        "type": "text",
        "text": "Our sensitivity analysis results are presented in table format below. ",
        "page_idx": 9
    },
    {
        "type": "table",
        "img_path": "images/408d81bed5406ca6202d56b6cb325d20ff0f04152ddcb68506d09afdaf81e871.jpg",
        "table_caption": [
            "Table S1: Effect of the Number of HL Training Samples per Class on Test F1 and Accuracy for HL Activity Classification "
        ],
        "table_footnote": [],
        "page_idx": 9
    },
    {
        "type": "text",
        "text": "Note: The bolded row highlights the specific parameter configuration used in the EgoCHARM algorithm. ",
        "page_idx": 9
    },
    {
        "type": "table",
        "img_path": "images/4ce05dff3709b7534df5a211fa6f5360878589ad2fcdb9d53bff922deeabe390.jpg",
        "table_caption": [
            "Table S2: Effect of the Number of LL Training Samples per Class on Test F1 and Accuracy for LL Activity Classification "
        ],
        "table_footnote": [],
        "page_idx": 9
    },
    {
        "type": "text",
        "text": "Note: The bolded row highlights the specific parameter configuration used in the EgoCHARM algorithm. ",
        "page_idx": 9
    },
    {
        "type": "text",
        "text": "S2 HYPERPARAMETER SWEEPS ",
        "text_level": 1,
        "page_idx": 9
    },
    {
        "type": "text",
        "text": "For our hyperparameter searches involving combinations of high and low level architectures, with results shown in Table 2, we explore the following low level architecture parameters: maximum dilation, number of output channels per kernel, number of CNN layers, number of GRU/LSTM layers, average versus max pooling, output embedding dimension, and dropout. For the high level architecture parameters, we examine hidden layer dimension, number of hidden layers, and dropout. For our hyperparameter sweeps, we specifically search over values that yield models with a low number of parameters. We employ a step learning rate scheduler for training, spanning 30 total epochs. Regarding learning parameters, we search over learning rate, batch size, gamma (the multiplicative ",
        "page_idx": 9
    },
    {
        "type": "table",
        "img_path": "images/7b3dbfb0ffb3f04938f121bcc1e263441ab2883f03777d5f3cb882f1e00fd2c2.jpg",
        "table_caption": [
            "Table S3: Effect of Sampling Frequency on Test F1 and Accuracy for High Level Activity Recognition "
        ],
        "table_footnote": [],
        "page_idx": 9
    },
    {
        "type": "text",
        "text": "Note: The bolded row highlights the specific parameter configuration used in the EgoCHARM algorithm. ",
        "page_idx": 9
    },
    {
        "type": "table",
        "img_path": "images/7dc62308b18a0db1e90f1538cf682e47bca05bc7db9fc8fa1c8ba0b151dc25b8.jpg",
        "table_caption": [
            "Table S4: Effect of High Level Window Size on Test F1 and Accuracy for High Level Activity Recognition "
        ],
        "table_footnote": [],
        "page_idx": 10
    },
    {
        "type": "text",
        "text": "Note: The bolded row highlights the specific parameter configuration used in the EgoCHARM algorithm. ",
        "page_idx": 10
    }
]